[["Skydive Alabama", "(256) 736-5553", "https://www.skydivealabama.com/", ["Monday: 10:00 AM - 8:00 PM", "Tuesday: Closed", "Wednesday: 10:00 AM - 8:00 PM", "Thursday: 10:00 AM - 8:00 PM", "Friday: 10:00 AM - 8:00 PM", "Saturday: 8:00 AM - 8:00 PM", "Sunday: 8:00 AM - 8:00 PM"], 34.2671811, -86.8605575], ["Skydive The Gulf", "(850) 543-8756", "https://www.skydivethegulf.com/", ["Monday: 8:00 AM - 6:00 PM", "Tuesday: 8:00 AM - 6:00 PM", "Wednesday: 8:00 AM - 6:00 PM", "Thursday: 8:00 AM - 6:00 PM", "Friday: 8:00 AM - 6:00 PM", "Saturday: 8:00 AM - 6:00 AM", "Sunday: 8:00 AM - 6:00 PM"], 30.4290019, -87.53909449999999], ["Phoenix Skydive Center", "(520) 840-9095", "https://www.phoenixskydivecenter.com/", ["Monday: 6:00 AM - 6:00 PM", "Tuesday: 6:00 AM - 6:00 PM", "Wednesday: 6:00 AM - 6:00 PM", "Thursday: 6:00 AM - 6:00 PM", "Friday: 6:00 AM - 6:00 PM", "Saturday: 6:00 AM - 6:00 PM", "Sunday: 6:00 AM - 6:00 PM"], 32.9551685, -111.7608839], ["Skydive Phoenix Inc", "(480) 557-5867", "http://www.skydivephoenix.net/", ["Monday: 6:30 AM - 6:00 PM", "Tuesday: 6:30 AM - 6:00 PM", "Wednesday: 6:30 AM - 6:00 PM", "Thursday: 6:30 AM - 6:00 PM", "Friday: 6:00 AM - 6:30 PM", "Saturday: 6:00 AM - 6:30 PM", "Sunday: 6:00 AM - 5:00 PM"], 33.05369299999999, -112.1765626], ["Skydive Arizona", "(877) 313-5867", "http://www.skydiveaz.com/", ["Monday: 7:45 AM - 5:00 PM", "Tuesday: 7:45 AM - 5:00 PM", "Wednesday: 7:45 AM - 5:00 PM", "Thursday: 7:45 AM - 5:00 PM", "Friday: 7:45 AM - 5:00 PM", "Saturday: 7:45 AM - 5:00 PM", "Sunday: 7:45 AM - 5:00 PM"], 32.80543950000001, -111.5819458], ["Skydive Buckeye", "(623) 980-4888", "http://www.skydivebuckeye.com/", ["Monday: 8:00 AM - 2:00 PM", "Tuesday: Closed", "Wednesday: Closed", "Thursday: 8:00 AM - 2:00 PM", "Friday: 8:00 AM - 2:00 PM", "Saturday: 8:00 AM - 2:00 PM", "Sunday: 8:00 AM - 2:00 PM"], 33.4201777, -112.6825531], ["Skydive The Grand Canyon", "(928) 224-9661", "http://www.skydivegc.com/", ["Monday: 9:00 AM - 5:00 PM", "Tuesday: 9:00 AM - 5:00 PM", "Wednesday: 9:00 AM - 5:00 PM", "Thursday: 9:00 AM - 5:00 PM", "Friday: 9:00 AM - 5:00 PM", "Saturday: 9:00 AM - 5:00 PM", "Sunday: 9:00 AM - 5:00 PM"], 35.95975599999999, -112.135688], ["Skydive Marana", "(520) 682-4441", "http://www.skydivemarana.com/", ["Monday: 8:00 AM - 4:00 PM", "Tuesday: 8:00 AM - 4:00 PM", "Wednesday: 8:00 AM - 4:00 PM", "Thursday: 8:00 AM - 4:00 PM", "Friday: 8:00 AM - 4:00 PM", "Saturday: 8:00 AM - 4:00 PM", "Sunday: 8:00 AM - 4:00 PM"], 32.4087739, -111.2237787], ["Adventures in Skydiving", "(520) 466-3753", "http://www.adventuresinsjydiving.com/", ["Monday: 7:00 AM - 5:00 PM", "Tuesday: Closed", "Wednesday: Closed", "Thursday: 7:00 AM - 5:00 PM", "Friday: 7:00 AM - 5:00 PM", "Saturday: 7:00 AM - 5:00 PM", "Sunday: 7:00 AM - 5:00 PM"], 32.8048982, -111.582042], ["SkyVenture Arizona Llc", "(520) 466-4640", "http://www.skyventureaz.com/", ["Monday: 7:00 AM - 7:00 PM", "Tuesday: 7:00 AM - 7:00 PM", "Wednesday: 7:00 AM - 7:00 PM", "Thursday: 7:00 AM - 7:00 PM", "Friday: 7:00 AM - 7:00 PM", "Saturday: 7:00 AM - 7:00 PM", "Sunday: 7:00 AM - 7:00 PM"], 32.8063903, -111.5770321], ["iFLY Indoor Skydiving - Phoenix", "(480) 712-4359", "https://www.iflyworld.com/phoenix?utm_source=G&utm_medium=local&utm_campaign=google-local", ["Monday: 11:00 AM - 7:30 PM", "Tuesday: 11:00 AM - 7:30 PM", "Wednesday: 11:00 AM - 7:30 PM", "Thursday: 11:00 AM - 6:00 PM", "Friday: 10:00 AM - 8:00 PM", "Saturday: 9:00 AM - 10:00 PM", "Sunday: 9:00 AM - 8:00 PM"], 33.53992, -111.882359], ["Desert Skies Parachute Rigging", "(520) 233-1245", null, null, 32.8047111, -111.5820103], ["AXIS Flight School", "(520) 466-4200", "https://axisflightschool.com/", ["Monday: 8:00 AM - 5:00 PM", "Tuesday: 8:00 AM - 5:00 PM", "Wednesday: 8:00 AM - 5:00 PM", "Thursday: 8:00 AM - 5:00 PM", "Friday: 8:00 AM - 5:00 PM", "Saturday: 8:00 AM - 5:00 PM", "Sunday: 8:00 AM - 5:00 PM"], 32.805171, -111.581129], ["Greythorn Drop Zone", null, null, null, 34.5272072, -109.6553564], ["Sawtooth Dropzone", null, null, null, 32.6615905, -111.6754684], ["Patriot Skies", "(602) 300-5767", "http://www.patriotskies.com/contact.html", null, 33.4863942, -111.9103522], ["Skydive Fayetteville", "(479) 270-8855", "http://fayettefall.com/", ["Monday: Closed", "Tuesday: Closed", "Wednesday: Closed", "Thursday: Closed", "Friday: Closed", "Saturday: 9:00 AM - 8:00 PM", "Sunday: 8:00 AM - 8:00 PM"], 36.0031967, -94.1719665], ["Paradise Valley Skydiving", "(479) 858-1478", "https://www.paradisevalleyskydiving.com/", ["Monday: Closed", "Tuesday: Closed", "Wednesday: Closed", "Thursday: Closed", "Friday: 9:00 AM - 5:00 PM", "Saturday: 7:00 AM - 5:00 AM", "Sunday: 7:00 AM - 5:00 AM"], 35.4700052, -93.4333613], ["Adventure Skydive Center, LLC. Siloam Springs, AR", "(479) 228-0029", "https://mygbp.site/oklahoma/adventure-skydive-center/", ["Monday: Closed", "Tuesday: Closed", "Wednesday: Closed", "Thursday: Closed", "Friday: Closed", "Saturday: 9:00 AM - 6:00 PM", "Sunday: 9:00 AM - 6:00 PM"], 35.4378706, -94.8053705], ["Skydive Coastal California", "(805) 322-4763", "http://www.skydivecoastalcalifornia.com/", ["Monday: 8:00 AM - 4:00 PM", "Tuesday: Closed", "Wednesday: Closed", "Thursday: 8:00 AM - 4:00 PM", "Friday: 8:00 AM - 4:00 PM", "Saturday: 8:00 AM - 4:00 PM", "Sunday: 8:00 AM - 4:00 PM"], 34.208243, -119.07919], ["Skydive California", "(209) 835-7474", "https://skydivecalifornia.com/", ["Monday: 9:00 AM - 5:00 PM", "Tuesday: 9:00 AM - 5:00 PM", "Wednesday: 9:00 AM - 5:00 PM", "Thursday: 9:00 AM - 5:00 PM", "Friday: 9:00 AM - 5:00 PM", "Saturday: 9:00 AM - 5:00 PM", "Sunday: 9:00 AM - 5:00 PM"], 37.7293005, -121.3322361], ["Silicon Valley Skydiving", "(800) 386-5867", "https://siliconvalleyskydiving.com/?utm_source=GMB&utm_medium=organic&utm_campaign=office", ["Monday: 10:00 AM - 4:00 PM", "Tuesday: Closed", "Wednesday: 10:00 AM - 4:00 PM", "Thursday: 10:00 AM - 4:00 PM", "Friday: 10:00 AM - 4:00 PM", "Saturday: 10:00 AM - 7:30 PM", "Sunday: 11:30 AM - 7:30 PM"], 37.0779155, -121.5987507], ["Skydive Perris", "(951) 657-1664", "https://skydiveperris.com/", ["Monday: 7:00 AM - 5:30 PM", "Tuesday: 7:00 AM - 5:30 PM", "Wednesday: 7:00 AM - 5:30 PM", "Thursday: 7:00 AM - 5:30 PM", "Friday: 7:00 AM - 5:30 PM", "Saturday: 7:00 AM - 5:30 PM", "Sunday: 7:00 AM - 5:30 PM"], 33.76342630000001, -117.2212189], ["Skydive San Joaquin Valley Inc.", "(661) 858-2972", "http://skydivesanjoaquinvalley.com/", ["Monday: Closed", "Tuesday: Closed", "Wednesday: Closed", "Thursday: Closed", "Friday: 8:00 AM - 8:00 PM", "Saturday: 8:00 AM - 8:00 PM", "Sunday: 8:00 AM - 8:00 PM"], 35.0950471, -119.0750734], ["Skydive Yosemite", "(209) 372-5001", "http://www.skydiveyosemite.com/", ["Monday: 9:00 AM - 7:00 PM", "Tuesday: 9:00 AM - 5:00 PM", "Wednesday: 9:00 AM - 5:00 PM", "Thursday: 9:00 AM - 5:00 PM", "Friday: 9:00 AM - 7:00 PM", "Saturday: 9:00 AM - 7:00 PM", "Sunday: 9:00 AM - 7:00 PM"], 37.5136431, -120.0391349], ["Skydive Monterey Bay", "(831) 384-3483", "http://www.skydivemontereybay.com/", ["Monday: 8:00 AM - 5:00 PM", "Tuesday: 8:00 AM - 5:00 PM", "Wednesday: 8:00 AM - 5:00 PM", "Thursday: 8:00 AM - 5:00 PM", "Friday: 8:00 AM - 5:00 PM", "Saturday: 8:00 AM - 5:30 PM", "Sunday: 8:00 AM - 5:30 PM"], 36.6815715, -121.7690284], ["Skydive Golden Gate", "(415) 770-4011", "http://www.skydivegoldengate.com/", ["Monday: Closed", "Tuesday: Closed", "Wednesday: Closed", "Thursday: 9:00 AM - 5:00 PM", "Friday: 9:00 AM - 5:00 PM", "Saturday: Closed", "Sunday: Closed"], 38.1409708, -122.5581825], ["Skydive Santa Barbara", "(805) 740-0000", "https://www.skydivesantabarbara.com/?utm_source=google&utm_medium=organic&utm_campaign=gmb", ["Monday: 9:00 AM - 5:00 PM", "Tuesday: Closed", "Wednesday: Closed", "Thursday: 9:00 AM - 5:00 PM", "Friday: 9:00 AM - 5:00 PM", "Saturday: 9:00 AM - 5:00 PM", "Sunday: 9:00 AM - 5:00 PM"], 34.666707, -120.4586021], ["Tsunami Skydivers - Skydive Oceanside", "(760) 390-5867", null, ["Monday: 7:00 AM - 8:00 PM", "Tuesday: 7:00 AM - 8:00 PM", "Wednesday: 7:00 AM - 8:00 PM", "Thursday: 7:00 AM - 8:00 PM", "Friday: 7:00 AM - 8:00 PM", "Saturday: 7:00 AM - 8:00 PM", "Sunday: 7:00 AM - 8:00 PM"], 33.2171511, -117.3523287], ["Skydive Elsinore", "(951) 245-9939", "http://www.skydiveelsinore.com/", ["Monday: 9:00 AM - 5:00 PM", "Tuesday: 9:00 AM - 5:00 PM", "Wednesday: 9:00 AM - 5:00 PM", "Thursday: 9:00 AM - 5:00 PM", "Friday: 9:00 AM - 5:00 PM", "Saturday: 7:30 AM - 5:00 PM", "Sunday: 7:30 AM - 5:00 PM"], 33.6306512, -117.2957168], ["Bay Area Skydiving", "(925) 634-7575", "http://www.bayareaskydiving.com/", ["Monday: Closed", "Tuesday: Closed", "Wednesday: Closed", "Thursday: Closed", "Friday: 9:00 AM - 5:00 PM", "Saturday: 9:00 AM - 5:00 PM", "Sunday: 9:00 AM - 5:00 PM"], 37.8350163, -121.6328325], ["Norcal Skydiving", "(888) 667-2259", "https://norcalskydiving.com/", ["Monday: Closed", "Tuesday: Closed", "Wednesday: 9:00 AM - 5:00 PM", "Thursday: Closed", "Friday: Closed", "Saturday: 9:00 AM - 5:00 PM", "Sunday: 9:00 AM - 5:00 PM"], 38.7739144, -122.9926289], ["Skydive Taft", "(661) 765-5867", "https://www.skydivetaft.com/", ["Monday: 8:00 AM - 6:00 PM", "Tuesday: 8:00 AM - 6:00 PM", "Wednesday: 8:00 AM - 6:00 PM", "Thursday: 8:00 AM - 6:00 PM", "Friday: 8:00 AM - 6:00 PM", "Saturday: 8:00 AM - 8:00 PM", "Sunday: 8:00 AM - 8:00 PM"], 35.1409935, -119.4452211], ["Skydive Lodi Parachute Center", "(209) 369-1128", "http://parachutecenter.com/", null, 38.199847, -121.263703], ["Pacific Coast Skydiving", "(619) 661-0194", "http://www.pacificcoastskydiving.com/", ["Monday: 8:00 AM - 6:00 PM", "Tuesday: 8:00 AM - 6:00 PM", "Wednesday: 8:00 AM - 6:00 PM", "Thursday: 8:00 AM - 6:00 PM", "Friday: 8:00 AM - 6:00 PM", "Saturday: 8:00 AM - 6:00 PM", "Sunday: 8:00 AM - 6:00 PM"], 32.5709167, -116.9931972], ["Skydive California - Shuttle Service Center", "(209) 839-7474", "https://skydivecalifornia.com/?utm_source=google&utm_medium=organic&utm_campaign=gmb", null, 37.8070452, -122.4157239], ["Skydive Santa Cruz", "(831) 435-5169", "https://www.santacruz-skydiving.com/", ["Monday: 10:00 AM - 4:00 PM", "Tuesday: Closed", "Wednesday: Closed", "Thursday: 10:00 AM - 4:00 PM", "Friday: 10:00 AM - 4:00 PM", "Saturday: 9:30 AM - 4:00 PM", "Sunday: 9:30 AM - 4:00 PM"], 36.932685, -121.790608], ["Skydive San Diego", "(619) 216-8416", "https://skydivesandiego.com/", null, 32.63510839999999, -116.8912441], ["SkyDance SkyDiving", "(530) 753-2651", "https://skydanceskydiving.com/", ["Monday: 9:00 AM - 5:00 PM", "Tuesday: Closed", "Wednesday: Closed", "Thursday: 9:00 AM - 5:00 PM", "Friday: 9:00 AM - 5:00 PM", "Saturday: 8:00 AM - 5:00 PM", "Sunday: 8:00 AM - 5:00 PM"], 38.58485399999999, -121.853415], ["Colorado Mountain Skydive", "(719) 285-4050", "http://www.coloradomountainskydive.com/", ["Monday: 9:30 AM - 5:00 PM", "Tuesday: 9:30 AM - 5:00 PM", "Wednesday: 9:30 AM - 5:00 PM", "Thursday: 9:30 AM - 5:30 PM", "Friday: 9:30 AM - 5:00 PM", "Saturday: 9:30 AM - 5:00 PM", "Sunday: 9:30 AM - 5:00 PM"], 38.4311108, -105.1004018], ["Mile-Hi Skydiving Center, Inc.", "(303) 702-9911", "http://www.milehiskydiving.com/", ["Monday: 9:00 AM - 5:00 PM", "Tuesday: 9:00 AM - 5:00 PM", "Wednesday: 9:00 AM - 5:00 PM", "Thursday: 9:00 AM - 5:00 PM", "Friday: 9:00 AM - 3:00 PM", "Saturday: 9:00 AM - 3:00 PM", "Sunday: 9:00 AM - 3:00 PM"], 40.16641920000001, -105.1617198], ["Rocky Mountain Skydive", "(303) 944-9708", "http://rockymountainskydive.com/", ["Monday: 9:00 AM - 5:00 PM", "Tuesday: 9:00 AM - 5:00 PM", "Wednesday: 9:00 AM - 5:00 PM", "Thursday: Closed", "Friday: 9:00 AM - 4:00 PM", "Saturday: 9:00 AM - 4:00 PM", "Sunday: 9:00 AM - 4:00 PM"], 40.3302789, -104.612175], ["Out of the Blue Skydiving", "(719) 784-1166", "http://www.outoftheblueskydiving.com/", ["Monday: 9:00 AM - 5:00 PM", "Tuesday: 9:00 AM - 5:00 PM", "Wednesday: 9:00 AM - 5:00 PM", "Thursday: 9:00 AM - 5:00 PM", "Friday: 9:00 AM - 5:00 PM", "Saturday: 9:00 AM - 5:00 PM", "Sunday: 9:00 AM - 5:00 PM"], 39.26990850000001, -103.6667162], ["Ultimate Skydiving Adventures", "(970) 589-9490", "http://www.ultimateskydivingadventures.com/", ["Monday: 7:00 AM - 8:00 PM", "Tuesday: 7:00 AM - 8:00 PM", "Wednesday: 7:00 AM - 8:00 PM", "Thursday: 7:00 AM - 8:00 PM", "Friday: 7:00 AM - 8:00 PM", "Saturday: 7:00 AM - 8:00 PM", "Sunday: 7:00 AM - 8:00 PM"], 38.7805127, -108.0662103], ["Skydive Orange Skies", "(720) 880-8930", "http://skydiveorangeskies.com/", ["Monday: 9:00 AM - 6:30 PM", "Tuesday: Closed", "Wednesday: Closed", "Thursday: 9:00 AM - 6:30 PM", "Friday: 9:00 AM - 6:30 PM", "Saturday: 9:00 AM - 6:30 PM", "Sunday: 9:00 AM - 6:30 PM"], 40.3270628, -103.8040294], ["iFLY Indoor Skydiving - Colorado Springs", "(719) 400-4359", "https://www.iflyworld.com/colorado-springs/", ["Monday: 1:00 - 7:00 PM", "Tuesday: 12:00 - 7:00 PM", "Wednesday: 1:00 - 7:00 PM", "Thursday: 12:00 - 7:00 PM", "Friday: 12:00 - 7:00 PM", "Saturday: 10:00 AM - 7:00 PM", "Sunday: 11:00 AM - 5:00 PM"], 39.0215492, -104.8245162], ["High Sky Adventures", "(719) 598-5867", "http://www.highskyadventurespc.com/", ["Monday: Closed", "Tuesday: Closed", "Wednesday: Closed", "Thursday: Closed", "Friday: 9:00 AM - 9:00 PM", "Saturday: 8:00 AM - 9:00 PM", "Sunday: 8:00 AM - 9:00 PM"], 38.4337406, -105.102774], ["Northern Colorado Skydive Club", null, null, ["Monday: Closed", "Tuesday: Closed", "Wednesday: Closed", "Thursday: Closed", "Friday: 1:00 PM - 7:30 AM", "Saturday: 9:00 AM - 7:30 AM", "Sunday: 9:00 AM - 7:30 AM"], 40.323706, -104.606344], ["iFLY Indoor Skydiving - Denver", "(303) 768-9000", "https://www.iflyworld.com/denver/?utm_source=G&utm_medium=local&utm_campaign=google-local", ["Monday: 12:00 - 7:00 PM", "Tuesday: 12:00 - 7:00 PM", "Wednesday: 12:00 - 7:00 PM", "Thursday: 12:00 - 7:00 PM", "Friday: 12:00 - 7:00 PM", "Saturday: 10:00 AM - 6:00 PM", "Sunday: 10:00 AM - 6:00 PM"], 39.554109, -104.882747], ["Roaring Fork Skydivers", "(970) 364-3737", "https://roaringforkskydivers.com/", null, 39.5074627, -107.3092738], ["Skydive United", "(719) 338-8048", null, null, 38.930701, -104.352423], ["Skydive Danielson", "(860) 774-5867", "http://www.skydivedanielson.com/", ["Monday: 9:00 AM - 6:00 PM", "Tuesday: 9:00 AM - 6:00 PM", "Wednesday: 9:00 AM - 6:00 PM", "Thursday: 9:00 AM - 6:00 PM", "Friday: 9:00 AM - 6:00 PM", "Saturday: 9:00 AM - 6:00 PM", "Sunday: 9:00 AM - 6:00 PM"], 41.822857, -71.899822], ["Connecticut Parachutists, Inc", "(860) 871-0021", "https://skydivect.com/", ["Monday: Closed", "Tuesday: Closed", "Wednesday: Closed", "Thursday: Closed", "Friday: Closed", "Saturday: 10:00 AM - 5:00 PM", "Sunday: 10:00 AM - 5:00 PM"], 41.9231737, -72.45610649999999], ["Gravity Won Skydiving", null, null, null, 41.5014202, -72.18522879999999], ["Skydive OC", "(410) 213-1319", "https://www.skydiveoc.com/?utm_source=google&utm_medium=organic&utm_campaign=gmb", ["Monday: 9:00 AM - 5:00 PM", "Tuesday: 9:00 AM - 5:00 PM", "Wednesday: 9:00 AM - 5:00 PM", "Thursday: 9:00 AM - 5:00 PM", "Friday: 9:00 AM - 5:00 PM", "Saturday: 9:00 AM - 5:00 PM", "Sunday: 9:00 AM - 5:00 PM"], 38.309676, -75.120317], ["Skydive Chesapeake", "(201) 477-0525", "http://skydivechesapeake.com/", ["Monday: Closed", "Tuesday: Closed", "Wednesday: Closed", "Thursday: Closed", "Friday: 10:00 AM - 6:00 PM", "Saturday: 8:00 AM - 6:00 PM", "Sunday: 8:00 AM - 6:00 PM"], 38.9682598, -75.8705199], ["Skydive Baltimore", "(410) 734-4888", "http://www.skydivebaltimore.com/", ["Monday: 9:00 AM - 5:00 PM", "Tuesday: Closed", "Wednesday: 9:00 AM - 5:00 PM", "Thursday: 9:00 AM - 5:00 PM", "Friday: 9:00 AM - 5:00 PM", "Saturday: 9:00 AM - 5:00 PM", "Sunday: 9:00 AM - 5:00 PM"], 39.5704285, -76.2062948], ["Skydive Cross Keys", "(856) 629-7553", "https://www.skydivecrosskeys.com/", ["Monday: Closed", "Tuesday: Closed", "Wednesday: 10:00 AM - 5:00 PM", "Thursday: 10:00 AM - 5:00 PM", "Friday: 10:00 AM - 5:00 PM", "Saturday: 9:00 AM - 5:00 PM", "Sunday: 9:00 AM - 5:00 PM"], 39.70656139999999, -75.0326432], ["iFLY Indoor Skydiving - King of Prussia", "(610) 595-4359", "http://www.iflyworld.com/king-of-prussia?utm_source=G&utm_medium=local&utm_campaign=google-local", ["Monday: 11:00 AM - 8:00 PM", "Tuesday: 11:00 AM - 8:00 PM", "Wednesday: 11:00 AM - 8:00 PM", "Thursday: 11:00 AM - 8:00 PM", "Friday: 11:00 AM - 8:30 PM", "Saturday: 10:00 AM - 9:00 PM", "Sunday: 10:00 AM - 8:00 PM"], 40.09290000000001, -75.400829], ["Skydive Delmarva Inc.", null, "http://shorewebsolutions.com/skydivedelmarva", null, 38.541645, -75.591484], ["Jump Florida Skydiving", "(888) 313-5867", "https://jumpfloridaskydiving.com/", ["Monday: 8:00 AM - 6:00 PM", "Tuesday: 8:00 AM - 6:00 PM", "Wednesday: 8:00 AM - 6:00 PM", "Thursday: 8:00 AM - 6:00 PM", "Friday: 8:00 AM - 6:00 PM", "Saturday: 8:00 AM - 6:00 PM", "Sunday: 8:00 AM - 6:00 PM"], 28.1380988, -82.14784879999999], ["Jump Florida Skydiving", "(352) 461-3461", "http://www.jumpfloridaskydiving.com/", ["Monday: 7:00 AM - 7:00 PM", "Tuesday: 7:00 AM - 7:00 PM", "Wednesday: 7:00 AM - 7:00 PM", "Thursday: 7:00 AM - 7:00 PM", "Friday: 7:00 AM - 7:00 PM", "Saturday: 7:00 AM - 7:00 PM", "Sunday: 7:00 AM - 7:00 PM"], 27.8958096, -81.6194232], ["Skydive Spaceland Florida", "(863) 983-6151", "https://florida.skydivespaceland.com/", ["Monday: 9:00 AM - 5:00 PM", "Tuesday: Closed", "Wednesday: Closed", "Thursday: 9:00 AM - 5:00 PM", "Friday: 9:00 AM - 5:00 PM", "Saturday: 7:30 AM - 6:00 PM", "Sunday: 7:30 AM - 6:00 PM"], 26.735339, -81.048974], ["Skydive SW Florida Club", "(941) 875-8554", "http://www.skydiveswflorida.com/", ["Monday: 8:30 AM - 3:00 PM", "Tuesday: 8:30 AM - 3:00 PM", "Wednesday: 8:30 AM - 3:00 PM", "Thursday: 8:30 AM - 3:00 PM", "Friday: 8:30 AM - 3:00 PM", "Saturday: 8:30 AM - 4:00 PM", "Sunday: 8:30 AM - 4:00 PM"], 26.9677793, -81.915306], ["Skydive City Zephyrhills, ZHills, Zephyrhills Parachute Center", "(813) 783-9399", "http://www.skydivecity.com/", ["Monday: 9:00 AM - 6:00 PM", "Tuesday: 9:00 AM - 6:00 PM", "Wednesday: 9:00 AM - 6:00 PM", "Thursday: 9:00 AM - 6:00 PM", "Friday: 9:00 AM - 6:00 PM", "Saturday: 8:00 AM - 6:00 PM", "Sunday: 8:00 AM - 6:00 PM"], 28.2198462, -82.1506347], ["Skydive Key West", "(305) 396-8806", "http://skydivekeywest.com/?utm_campaign=gmb", ["Monday: Open 24 hours", "Tuesday: Open 24 hours", "Wednesday: Open 24 hours", "Thursday: Open 24 hours", "Friday: Open 24 hours", "Saturday: Open 24 hours", "Sunday: Open 24 hours"], 24.6483609, -81.57364799999999], ["Skydive Space Center", "(800) 823-0016", "http://www.skydivespacecenter.com/", ["Monday: 8:00 AM - 8:00 PM", "Tuesday: 8:00 AM - 8:00 PM", "Wednesday: 8:00 AM - 8:00 PM", "Thursday: 8:00 AM - 8:00 PM", "Friday: 8:00 AM - 8:00 PM", "Saturday: 8:00 AM - 8:00 PM", "Sunday: 8:00 AM - 8:00 PM"], 28.62028, -80.832256], ["Skydive DeLand, Inc.", "(386) 738-3539", "http://www.skydivedeland.com/", ["Monday: 8:00 AM - 5:00 PM", "Tuesday: 8:00 AM - 5:00 PM", "Wednesday: 8:00 AM - 5:00 PM", "Thursday: 8:00 AM - 5:00 PM", "Friday: 8:00 AM - 5:00 PM", "Saturday: 8:00 AM - 5:00 PM", "Sunday: 8:00 AM - 5:00 PM"], 29.063578, -81.279279], ["Central Florida Skydiving", "(352) 208-7758", "http://centralfloridaskydiving.com/", ["Monday: 9:00 AM - 5:00 PM", "Tuesday: 9:00 AM - 5:00 PM", "Wednesday: 9:00 AM - 5:00 PM", "Thursday: 9:00 AM - 5:00 PM", "Friday: 9:00 AM - 5:00 PM", "Saturday: 9:00 AM - 5:00 PM", "Sunday: 9:00 AM - 5:00 PM"], 29.0621507, -82.37009870000001], ["Skydive Sebastian", "(772) 388-5672", "https://skydiveseb.com/?utm_medium=gmb&utm_source=gmb", ["Monday: 9:00 AM - 5:00 PM", "Tuesday: 9:00 AM - 5:00 PM", "Wednesday: 9:00 AM - 5:00 PM", "Thursday: 9:00 AM - 5:00 PM", "Friday: 9:00 AM - 5:00 PM", "Saturday: 8:00 AM - 5:00 PM", "Sunday: 8:00 AM - 5:00 PM"], 27.8167228, -80.500946], ["Skydive Palatka", "(386) 328-0606", "http://www.skydivepalatka.com/", ["Monday: Closed", "Tuesday: Closed", "Wednesday: Closed", "Thursday: Closed", "Friday: 10:00 AM - 8:00 PM", "Saturday: 8:00 AM - 8:00 PM", "Sunday: 8:00 AM - 8:00 PM"], 29.6605082, -81.6823422], ["Skydive Palm Beach", "(561) 586-7669", "http://skydivepalmbeach.com/", ["Monday: Open 24 hours", "Tuesday: Open 24 hours", "Wednesday: Open 24 hours", "Thursday: Open 24 hours", "Friday: Open 24 hours", "Saturday: Open 24 hours", "Sunday: Open 24 hours"], 26.7886886, -80.691452], ["Skydive Amelia Island", "(904) 718-4648", "https://www.skydiveameliaisland.com/", ["Monday: 6:00 AM - 6:00 PM", "Tuesday: 6:00 AM - 6:00 PM", "Wednesday: 6:00 AM - 6:00 PM", "Thursday: 6:00 AM - 6:00 PM", "Friday: 6:00 AM - 6:00 PM", "Saturday: 6:00 AM - 6:00 PM", "Sunday: 6:00 AM - 6:00 PM"], 30.6168262, -81.4677694], ["Miami Skydiving Center", "(305) 235-3483", "http://www.miamiskydivingcenter.com/", ["Monday: 8:00 AM - 9:00 PM", "Tuesday: 8:00 AM - 9:00 PM", "Wednesday: 8:00 AM - 9:00 PM", "Thursday: 8:00 AM - 9:00 PM", "Friday: 8:00 AM - 9:00 PM", "Saturday: 8:00 AM - 9:00 PM", "Sunday: 8:00 AM - 5:00 PM"], 25.6465591, -80.426524], ["iSkydive Miami", "(305) 759-3483", "https://iskydive.com/miami/", ["Monday: 8:00 AM - 6:00 PM", "Tuesday: 8:00 AM - 6:00 PM", "Wednesday: 8:00 AM - 6:00 PM", "Thursday: 8:00 AM - 6:00 PM", "Friday: 8:00 AM - 6:00 PM", "Saturday: 8:00 AM - 6:00 PM", "Sunday: 8:00 AM - 6:00 PM"], 25.5016056, -80.54863979999999], ["World Skydiving Center - Jacksonville", "(904) 250-5903", "http://www.worldskydivingcenter.com/", ["Monday: 9:00 AM - 8:00 PM", "Tuesday: 9:00 AM - 5:00 PM", "Wednesday: 9:00 AM - 5:00 PM", "Thursday: 9:00 AM - 5:00 PM", "Friday: 8:00 AM - 8:00 PM", "Saturday: 8:00 AM - 8:00 PM", "Sunday: 8:00 AM - 8:00 PM"], 30.2765595, -81.8195724], ["Skydive Panama City", "(850) 899-2707", "http://www.xtremeskydivers.com/", ["Monday: Closed", "Tuesday: Closed", "Wednesday: Closed", "Thursday: Closed", "Friday: Closed", "Saturday: 8:00 AM - 8:00 PM", "Sunday: 8:00 AM - 8:00 PM"], 30.8485434, -85.6040244], ["Orlando Skydiving Center", "(321) 747-6808", "http://www.skydivespacecenter.com/", ["Monday: 8:00 AM - 8:00 PM", "Tuesday: 8:00 AM - 8:00 PM", "Wednesday: 8:00 AM - 8:00 PM", "Thursday: 8:00 AM - 8:00 PM", "Friday: 8:00 AM - 8:00 PM", "Saturday: 8:00 AM - 8:00 PM", "Sunday: 8:00 AM - 8:00 PM"], 28.6191695, -80.8317934], ["Skydive Melbourne Beach", "(321) 977-5097", "http://www.skydivemelbournebeach.com/", ["Monday: 9:00 AM - 8:00 PM", "Tuesday: 9:00 AM - 8:00 PM", "Wednesday: 9:00 AM - 8:00 PM", "Thursday: 9:00 AM - 8:00 PM", "Friday: 9:00 AM - 8:00 PM", "Saturday: 8:30 AM - 8:00 PM", "Sunday: 8:30 AM - 5:00 PM"], 28.0676307, -80.5564751], ["iFLY Indoor Skydiving - Orlando", "(407) 337-4359", "https://www.iflyworld.com/orlando?utm_source=G&utm_medium=local&utm_campaign=google-local", ["Monday: 1:00 - 8:00 PM", "Tuesday: 1:00 - 8:00 PM", "Wednesday: 1:00 - 8:00 PM", "Thursday: 1:00 - 8:00 PM", "Friday: 11:00 AM - 8:30 PM", "Saturday: 10:00 AM - 8:00 PM", "Sunday: 10:00 AM - 7:00 PM"], 28.434383, -81.471724], ["Skydive Georgia", "(770) 684-3483", "https://www.skydivegeorgia.com/", ["Monday: 8:00 AM - 8:00 PM", "Tuesday: 8:00 AM - 8:00 PM", "Wednesday: 8:00 AM - 8:00 PM", "Thursday: 8:00 AM - 8:00 PM", "Friday: 8:00 AM - 8:00 PM", "Saturday: 8:00 AM - 8:00 PM", "Sunday: 8:00 AM - 8:00 PM"], 34.01726009999999, -85.1485744], ["Skydive Atlanta", "(706) 647-9701", "http://www.skydiveatlanta.com/", ["Monday: 9:00 AM - 7:00 PM", "Tuesday: 9:00 AM - 7:00 PM", "Wednesday: 9:00 AM - 7:00 PM", "Thursday: 9:00 AM - 7:00 PM", "Friday: 9:00 AM - 7:00 PM", "Saturday: 9:00 AM - 8:00 PM", "Sunday: 9:00 AM - 8:00 PM"], 32.951562, -84.26256599999999], ["Skydive Spaceland Atlanta", "(770) 748-2200", "https://atlanta.skydivespaceland.com/", ["Monday: 8:00 AM - 5:00 PM", "Tuesday: 8:00 AM - 5:00 PM", "Wednesday: 8:00 AM - 5:00 PM", "Thursday: 8:00 AM - 5:00 PM", "Friday: 8:00 AM - 5:00 PM", "Saturday: 7:30 AM - 5:30 PM", "Sunday: 7:30 AM - 5:30 PM"], 33.97682569999999, -85.16588589999999], ["iFLY Indoor Skydiving - Atlanta", "(678) 803-4359", "http://www.iflyworld.com/atlanta?utm_source=G&utm_medium=local&utm_campaign=google-local", ["Monday: 11:00 AM - 7:30 PM", "Tuesday: 11:00 AM - 7:30 PM", "Wednesday: 11:00 AM - 7:30 PM", "Thursday: 11:00 AM - 7:30 PM", "Friday: 12:00 - 8:00 PM", "Saturday: 9:00 AM - 9:00 PM", "Sunday: 10:00 AM - 7:00 PM"], 33.884723, -84.471283], ["Atlanta Skydiving Center", "(770) 684-3483", "https://www.skydivingnearatlanta.com/", ["Monday: 8:00 AM - 11:00 PM", "Tuesday: 8:00 AM - 11:00 PM", "Wednesday: 8:00 AM - 11:00 PM", "Thursday: 8:00 AM - 11:00 PM", "Friday: 8:00 AM - 11:00 PM", "Saturday: 8:00 AM - 11:00 PM", "Sunday: 8:00 AM - 11:00 PM"], 34.017164, -85.14858699999999], ["Skydive the Farm", "(770) 614-3483", "https://www.skydivethefarm.com/", ["Monday: 8:00 AM - 8:00 PM", "Tuesday: 8:00 AM - 8:00 PM", "Wednesday: 8:00 AM - 8:00 PM", "Thursday: 8:00 AM - 8:00 PM", "Friday: 8:00 AM - 8:00 PM", "Saturday: 8:00 AM - 8:00 PM", "Sunday: 8:00 AM - 8:00 PM"], 34.0171877, -85.1485987], ["Jump Georgia Skydiving", "(888) 313-5867", "https://jumpgeorgia.com/", ["Monday: Closed", "Tuesday: Closed", "Wednesday: Closed", "Thursday: Closed", "Friday: 11:00 AM - 6:00 PM", "Saturday: 7:00 AM - 8:00 PM", "Sunday: 7:00 AM - 8:00 PM"], 32.6500396, -81.5957336], ["Skydive Fitzgerald", "(478) 227-9445", "http://skydivefitzgerald.com/", null, 31.68607149999999, -83.26537160000001], ["Skydive Monroe", "(770) 207-1122", "https://skydivemonroe.com/?utm_source=google&utm_medium=organic&utm_campaign=gmb", ["Monday: Closed", "Tuesday: Closed", "Wednesday: Closed", "Thursday: Closed", "Friday: Closed", "Saturday: 8:00 AM - 6:00 PM", "Sunday: 8:00 AM - 6:00 PM"], 33.7833443, -83.6937516], ["DZONE Skydiving - Boise", "(208) 455-0000", "https://dzoneskydiving.com/idaho-boise/?utm_source=google&utm_medium=organic&utm_campaign=googlemybusiness", ["Monday: 8:00 AM - 7:00 PM", "Tuesday: 8:00 AM - 7:00 PM", "Wednesday: 8:00 AM - 7:00 PM", "Thursday: 8:00 AM - 7:00 PM", "Friday: 8:00 AM - 7:00 PM", "Saturday: 8:00 AM - 7:00 PM", "Sunday: 8:00 AM - 7:00 PM"], 43.72959890000001, -116.516304], ["Sky Down Skydiving", "(208) 455-2359", "http://skydownskydiving.com/", null, 43.6387271, -116.6381043], ["Twin Falls BASE", "(208) 423-8080", "http://www.twinfallsbase.com/", ["Monday: 7:00 AM - 7:00 PM", "Tuesday: Closed", "Wednesday: Closed", "Thursday: 7:00 AM - 7:00 PM", "Friday: 7:00 AM - 7:00 PM", "Saturday: 7:00 AM - 7:00 PM", "Sunday: 7:00 AM - 7:00 PM"], 42.5626743, -114.4614092], ["Snake River Skydiving", null, null, null, 43.7287733, -116.5229091], ["Gateway Skydiving Center - Skydiving in St. Louis", "(314) 669-5867", "https://gatewayskydivingcenter.com/", ["Monday: 8:00 AM - 9:00 PM", "Tuesday: 8:00 AM - 9:00 PM", "Wednesday: 8:00 AM - 9:00 PM", "Thursday: 8:00 AM - 9:00 PM", "Friday: 8:00 AM - 9:00 PM", "Saturday: 8:00 AM - 9:00 PM", "Sunday: 8:00 AM - 9:00 PM"], 38.8348222, -89.3733838], ["Chicagoland Skydiving Center", "(815) 561-3663", "https://www.skydivecsc.com/", ["Monday: 11:00 AM - 2:00 PM", "Tuesday: Closed", "Wednesday: 11:00 AM - 2:00 PM", "Thursday: Closed", "Friday: 11:00 AM - 2:00 PM", "Saturday: Closed", "Sunday: Closed"], 41.8920785, -89.0716912], ["Skydive Chicago", "(815) 433-0000", "https://skydivechicago.com/", ["Monday: 11:00 AM - 7:00 PM", "Tuesday: 11:00 AM - 7:00 PM", "Wednesday: Closed", "Thursday: 11:00 AM - 7:00 PM", "Friday: 9:00 AM - 7:00 PM", "Saturday: 9:00 AM - 7:00 PM", "Sunday: 9:00 AM - 7:00 PM"], 41.4001878, -88.7906148], ["Illinois Valley Parachute Club", "(309) 270-5610", "https://ivpc.club/", null, 40.16475499999999, -89.33762449999999], ["CU Skydiving", "(217) 800-2809", "https://www.cuskydiving.com/", null, 40.2414904, -88.08536579999999], ["Mid-America Sport Parachute", "(217) 824-5867", "http://www.skydivetaylorville.org/", null, 39.5348353, -89.32569380000001], ["SEMO Skydiving", "(573) 931-9031", "http://www.semoskydiving.com/", null, 37.0605571, -89.2256493], ["Quad City Skydiving Center Inc", "(309) 269-7535", "https://www.facebook.com/qcskydiving/", ["Monday: Closed", "Tuesday: 3:00 - 9:00 PM", "Wednesday: Closed", "Thursday: Closed", "Friday: Closed", "Saturday: 9:00 AM - 9:00 PM", "Sunday: 9:00 AM - 9:00 PM"], 41.4407434, -90.1118831], ["iFLY Indoor Skydiving - Chicago Rosemont", "(779) 368-4359", "https://www.iflyworld.com/chicago-rosemont/?utm_source=G&utm_medium=local&utm_campaign=google-local", ["Monday: Closed", "Tuesday: 12:00 - 7:00 PM", "Wednesday: 12:00 - 7:00 PM", "Thursday: 12:00 - 7:00 PM", "Friday: 12:00 - 7:00 PM", "Saturday: 9:00 AM - 6:00 PM", "Sunday: 10:00 AM - 6:00 PM"], 41.979215, -87.86859299999999], ["iFLY Indoor Skydiving - Chicago Lincoln Park", "(779) 368-4359", "https://www.iflyworld.com/lincoln-park/?utm_source=G&utm_medium=local&utm_campaign=google-local", ["Monday: Closed", "Tuesday: Closed", "Wednesday: 12:00 - 7:00 PM", "Thursday: 11:00 AM - 6:00 PM", "Friday: 11:00 AM - 6:00 PM", "Saturday: 11:00 AM - 6:00 PM", "Sunday: 11:00 AM - 6:00 PM"], 41.905359, -87.648417], ["iFLY Indoor Skydiving - Chicago Naperville", "(779) 456-4359", "https://www.iflyworld.com/chicago-naperville/?utm_source=G&utm_medium=local&utm_campaign=google-local", ["Monday: Closed", "Tuesday: Closed", "Wednesday: 11:00 AM - 6:00 PM", "Thursday: 11:00 AM - 6:00 PM", "Friday: 11:00 AM - 6:00 PM", "Saturday: 10:00 AM - 5:00 PM", "Sunday: 10:00 AM - 5:00 PM"], 41.803218, -88.12584], ["Skydive Carmi", "(618) 382-8921", "https://www.facebook.com/SkydiveCarmi/", null, 38.09466159999999, -88.1205798], ["Skydive Indianapolis", "(765) 605-6071", "http://www.skydiveindianapolis.com/", ["Monday: 12:00 - 2:00 PM", "Tuesday: Closed", "Wednesday: Closed", "Thursday: 12:00 - 2:00 PM", "Friday: 12:00 - 2:00 PM", "Saturday: Closed", "Sunday: Closed"], 40.2754859, -86.5627288], ["Skydive Windy City Chicago", "(219) 210-3338", "https://skydivewindycitychicago.com/", ["Monday: 10:00 AM - 5:00 PM", "Tuesday: 10:00 AM - 5:00 PM", "Wednesday: 10:00 AM - 5:00 PM", "Thursday: 10:00 AM - 5:00 PM", "Friday: 10:00 PM - 12:00 AM", "Saturday: 12:00 AM - 6:00 PM", "Sunday: 9:00 AM - 6:00 PM"], 41.70515199999999, -86.8232219], ["Air Indiana Skydiving", "(260) 336-3841", "http://www.airindianaskydiving.com/", ["Monday: Closed", "Tuesday: Closed", "Wednesday: Closed", "Thursday: Closed", "Friday: 5:00 - 9:00 PM", "Saturday: 9:00 AM - 7:00 PM", "Sunday: 9:00 AM - 7:00 PM"], 41.6357131, -85.08133629999999], ["Skydive Iowa", "(515) 598-6329", "http://www.skydiveia.com/", ["Monday: 8:00 AM - 8:00 PM", "Tuesday: 8:00 AM - 8:00 PM", "Wednesday: 8:00 AM - 8:00 PM", "Thursday: 8:00 AM - 8:00 PM", "Friday: 8:00 AM - 8:00 PM", "Saturday: 8:00 AM - 8:00 PM", "Sunday: 8:00 AM - 8:00 PM"], 41.7459983, -92.4117507], ["Jump Omaha Skydiving", "(402) 237-7325", "http://www.jumpomaha.com/", ["Monday: 8:00 AM - 8:00 PM", "Tuesday: 8:00 AM - 8:00 PM", "Wednesday: 8:00 AM - 8:00 PM", "Thursday: 8:00 AM - 8:00 PM", "Friday: 7:00 AM - 9:00 PM", "Saturday: 7:00 AM - 10:00 PM", "Sunday: 7:00 AM - 8:00 PM"], 41.54101929999999, -95.8873792], ["Des Moines Skydivers", "(515) 243-1711", "https://www.dmskydivers.com/", ["Monday: Closed", "Tuesday: Closed", "Wednesday: Closed", "Thursday: Closed", "Friday: Closed", "Saturday: 8:00 AM - 6:00 PM", "Sunday: 8:00 AM - 8:00 PM"], 41.2965615, -93.1101365], ["Air Capital Drop Zone", "(316) 776-1700", "http://www.aircapitaldropzone.com/", ["Monday: 9:00 AM - 8:00 PM", "Tuesday: 9:00 AM - 8:00 PM", "Wednesday: 9:00 AM - 8:00 PM", "Thursday: 9:00 AM - 8:00 PM", "Friday: 9:00 AM - 8:00 PM", "Saturday: 8:00 AM - 8:00 PM", "Sunday: 9:00 AM - 8:00 PM"], 37.5639609, -97.1711746], ["Skydive Kansas State", "(785) 268-7235", "https://skydivekstate.com/", ["Monday: Closed", "Tuesday: Closed", "Wednesday: Closed", "Thursday: Closed", "Friday: Closed", "Saturday: 8:00 AM - 5:00 PM", "Sunday: 8:00 AM - 5:00 PM"], 38.906277, -97.23301400000001], ["iFLY Indoor Skydiving - Kansas City", "(913) 305-4359", "https://www.iflyworld.com/kansas-city/?utm_source=G&utm_medium=local&utm_campaign=google-local", ["Monday: 12:00 - 7:00 PM", "Tuesday: 12:00 - 7:00 PM", "Wednesday: 12:00 - 7:00 PM", "Thursday: 12:00 - 7:00 PM", "Friday: 11:00 AM - 6:00 PM", "Saturday: 10:00 AM - 7:00 PM", "Sunday: 11:00 AM - 6:00 PM"], 38.93024, -94.666288], ["Falcon Skydiving", "(913) 205-1224", "http://www.falconexhibitionskydiving.com/", ["Monday: 1:00 - 7:30 PM", "Tuesday: 1:00 - 7:30 PM", "Wednesday: Closed", "Thursday: 1:00 - 7:30 PM", "Friday: 9:00 AM - 7:30 PM", "Saturday: 9:00 AM - 7:30 PM", "Sunday: 9:00 AM - 7:30 PM"], 39.2310064, -94.8007006], ["Skydive Kansas City", "(816) 524-5867", "https://skydivekc.com/", null, 38.2901649, -94.3418884], ["Skydive Kentucky LLC", "(270) 723-3587", "http://skydivekentucky.com/", ["Monday: Closed", "Tuesday: Closed", "Wednesday: Closed", "Thursday: Closed", "Friday: 10:00 AM - 5:00 PM", "Saturday: 9:00 AM - 5:00 PM", "Sunday: 9:00 AM - 5:00 PM"], 37.68957, -85.924396], ["Skydive Louisiana", "(318) 464-5867", "http://www.skydivelouisiana.net/", ["Monday: 5:30 - 7:00 PM", "Tuesday: 5:30 - 7:00 PM", "Wednesday: 5:30 - 7:00 PM", "Thursday: 5:30 - 7:00 PM", "Friday: 5:30 - 7:00 PM", "Saturday: 8:30 AM - 7:00 PM", "Sunday: 12:30 - 7:00 PM"], 32.8407273, -93.8356204], ["Cloud Chasers Skydiving", "(985) 415-0289", "https://www.cloudchasers-skydiving.com/", null, 30.3448199, -89.82316259999999], ["The Skydive Experience", null, "http://www.theskydiveexperience.com/", null, 32.8626625, -94.0090658], ["Skydive Coastal Maine", "(207) 991-5800", "http://skydivecoastalmaine.com/", ["Monday: 9:00 AM - 7:00 PM", "Tuesday: 9:00 AM - 7:00 PM", "Wednesday: 9:00 AM - 7:00 PM", "Thursday: 9:00 AM - 7:00 PM", "Friday: 9:00 AM - 7:00 PM", "Saturday: 9:00 AM - 7:00 PM", "Sunday: 9:00 AM - 7:00 PM"], 43.4643838, -70.47391689999999], ["Skydive New England", "(207) 339-1520", "https://www.skydivenewengland.com/", ["Monday: 9:00 AM - 7:00 PM", "Tuesday: 9:00 AM - 5:00 PM", "Wednesday: 9:00 AM - 5:00 PM", "Thursday: 9:00 AM - 7:00 PM", "Friday: 9:00 AM - 7:00 PM", "Saturday: 8:00 AM - 7:00 PM", "Sunday: 8:00 AM - 7:00 PM"], 43.3717536, -70.9245605], ["Vacationland Skydiving", "(207) 487-5638", "https://vacationlandskydiving.com/", ["Monday: Closed", "Tuesday: Closed", "Wednesday: Closed", "Thursday: 8:00 AM - 4:00 PM", "Friday: 8:00 AM - 5:00 PM", "Saturday: 8:00 AM - 5:00 PM", "Sunday: 8:00 AM - 5:00 PM"], 44.535022, -69.6800078], ["Jump and Raft", "(207) 723-3200", null, ["Monday: 7:00 AM - 7:00 PM", "Tuesday: 7:00 AM - 7:00 PM", "Wednesday: 7:00 AM - 7:00 PM", "Thursday: 7:00 AM - 7:00 PM", "Friday: 7:00 AM - 7:00 PM", "Saturday: 7:00 AM - 7:00 PM", "Sunday: 7:00 AM - 7:00 PM"], 45.6454093, -68.6461276], ["The Red Baron Adventure", null, null, null, 43.989244, -70.9489641], ["Skydive Lebanon Airport-ME64", "(207) 339-1520", null, null, 43.3701812, -70.9240074], ["Skydive OC", "(410) 213-1319", "https://www.skydiveoc.com/?utm_source=google&utm_medium=organic&utm_campaign=gmb", ["Monday: 9:00 AM - 5:00 PM", "Tuesday: 9:00 AM - 5:00 PM", "Wednesday: 9:00 AM - 5:00 PM", "Thursday: 9:00 AM - 5:00 PM", "Friday: 9:00 AM - 5:00 PM", "Saturday: 9:00 AM - 5:00 PM", "Sunday: 9:00 AM - 5:00 PM"], 38.309676, -75.120317], ["Skydive Baltimore", "(410) 734-4888", "http://www.skydivebaltimore.com/", ["Monday: 9:00 AM - 5:00 PM", "Tuesday: Closed", "Wednesday: 9:00 AM - 5:00 PM", "Thursday: 9:00 AM - 5:00 PM", "Friday: 9:00 AM - 5:00 PM", "Saturday: 9:00 AM - 5:00 PM", "Sunday: 9:00 AM - 5:00 PM"], 39.5704285, -76.2062948], ["iFLY Indoor Skydiving- Montgomery", "(202) 883-4359", "https://www.iflyworld.com/montgomery?utm_source=G&utm_medium=local&utm_campaign=google-local", ["Monday: 11:30 AM - 6:30 PM", "Tuesday: 11:30 AM - 6:30 PM", "Wednesday: 11:30 AM - 5:00 PM", "Thursday: 11:00 AM - 6:00 PM", "Friday: 11:00 AM - 8:30 PM", "Saturday: 10:00 AM - 8:00 PM", "Sunday: 10:00 AM - 7:00 PM"], 39.11799399999999, -77.194367], ["iFLY Indoor Skydiving - Baltimore", "(667) 888-4359", "https://www.iflyworld.com/baltimore?utm_source=G&utm_medium=local&utm_campaign=google-local", ["Monday: Closed", "Tuesday: Closed", "Wednesday: 12:30 - 7:30 PM", "Thursday: 12:30 - 7:30 PM", "Friday: 1:00 - 8:00 PM", "Saturday: 10:00 AM - 7:00 PM", "Sunday: 10:00 AM - 6:00 PM"], 39.36928899999999, -76.464126], ["Skydive Chesapeake", "(201) 477-0525", "http://skydivechesapeake.com/", ["Monday: Closed", "Tuesday: Closed", "Wednesday: Closed", "Thursday: Closed", "Friday: 10:00 AM - 6:00 PM", "Saturday: 8:00 AM - 6:00 PM", "Sunday: 8:00 AM - 6:00 PM"], 38.9682598, -75.8705199], ["Skydive Pepperell", "(978) 433-9222", "http://www.skyjump.com/", ["Monday: 9:00 AM - 6:00 PM", "Tuesday: 9:00 AM - 6:00 PM", "Wednesday: 9:00 AM - 6:00 PM", "Thursday: 9:00 AM - 6:00 PM", "Friday: 9:00 AM - 6:00 PM", "Saturday: 8:00 AM - 6:00 PM", "Sunday: 8:00 AM - 6:00 PM"], 42.6942845, -71.5533653], ["Skydive the Mills", "(508) 681-5286", "http://www.skydivethemills.com/", ["Monday: 10:00 AM - 6:00 PM", "Tuesday: 10:00 AM - 6:00 PM", "Wednesday: 10:00 AM - 6:00 PM", "Thursday: 10:00 AM - 6:00 PM", "Friday: 10:00 AM - 6:00 PM", "Saturday: 10:00 AM - 6:00 PM", "Sunday: 10:00 AM - 6:00 PM"], 41.685246, -70.403007], ["Jumptown", "(978) 544-5321", "https://www.jumptown.com/", ["Monday: 10:00 AM - 6:00 PM", "Tuesday: 10:00 AM - 6:00 PM", "Wednesday: 10:00 AM - 6:00 PM", "Thursday: 10:00 AM - 6:00 PM", "Friday: 10:00 AM - 6:00 PM", "Saturday: 8:00 AM - 6:00 PM", "Sunday: 8:00 AM - 6:00 PM"], 42.5661797, -72.28578639999999], ["Freedom Wind Tunnel", null, "https://freedomwind.us/", null, 42.09308379999999, -71.26459779999999], ["Boston Skydive Center", "(508) 759-3483", "https://www.bostonskydivecenter.com/", ["Monday: 9:00 AM - 6:00 PM", "Tuesday: 9:00 AM - 1:00 PM", "Wednesday: 8:00 AM - 6:00 PM", "Thursday: 9:00 AM - 6:00 PM", "Friday: 9:00 AM - 6:00 PM", "Saturday: 8:00 AM - 7:00 PM", "Sunday: 8:00 AM - 7:00 PM"], 41.92477029999999, -71.4850235], ["Boston Skydive Company", "(774) 250-5867", "http://bostonskydive.com/", null, 42.02358619999999, -70.83908079999999], ["Parachute Shop", "(978) 433-8550", null, ["Monday: 9:00 AM - 6:00 PM", "Tuesday: 9:00 AM - 6:00 PM", "Wednesday: 9:00 AM - 6:00 PM", "Thursday: 9:00 AM - 6:00 PM", "Friday: 9:00 AM - 6:00 PM", "Saturday: 9:00 AM - 6:00 PM", "Sunday: 9:00 AM - 6:00 PM"], 42.6943587, -71.5534258], ["Skydive Danielson", "(860) 774-5867", "http://www.skydivedanielson.com/", ["Monday: 9:00 AM - 6:00 PM", "Tuesday: 9:00 AM - 6:00 PM", "Wednesday: 9:00 AM - 6:00 PM", "Thursday: 9:00 AM - 6:00 PM", "Friday: 9:00 AM - 6:00 PM", "Saturday: 9:00 AM - 6:00 PM", "Sunday: 9:00 AM - 6:00 PM"], 41.822857, -71.899822], ["SkyVenture New Hampshire", "(603) 897-0002", "https://skyventurenh.com/", ["Monday: Closed", "Tuesday: Closed", "Wednesday: 2:00 - 8:00 PM", "Thursday: 2:00 - 8:00 PM", "Friday: 2:00 - 8:00 PM", "Saturday: 11:00 AM - 6:00 PM", "Sunday: 11:00 AM - 6:00 PM"], 42.71402489999999, -71.4410339], ["Skydive Tecumseh", "(517) 423-7720", "https://www.skydivetecumseh.com/?utm_source=google&utm_medium=organic&utm_campaign=gmb", ["Monday: 11:00 AM - 5:00 PM", "Tuesday: 9:00 AM - 5:00 PM", "Wednesday: 9:00 AM - 5:00 PM", "Thursday: 11:00 AM - 5:00 PM", "Friday: 10:00 AM - 5:00 PM", "Saturday: 8:00 AM - 5:00 PM", "Sunday: 8:00 AM - 5:00 PM"], 42.174564, -84.26202169999999], ["Skydive Hastings 3.0 Inc.", "(616) 350-8020", "http://www.skydivegrandhaven.com/", ["Monday: 9:00 AM - 9:00 PM", "Tuesday: 9:00 AM - 9:00 PM", "Wednesday: 9:00 AM - 9:00 PM", "Thursday: 9:00 AM - 9:00 PM", "Friday: 9:00 AM - 9:00 PM", "Saturday: 9:00 AM - 9:00 PM", "Sunday: 9:00 AM - 9:00 PM"], 42.66755079999999, -85.3477214], ["Skydive Charlevoix", "(231) 330-3483", "http://www.skydivecharlevoix.com/", ["Monday: 8:00 AM - 9:00 PM", "Tuesday: 8:00 AM - 9:00 PM", "Wednesday: 8:00 AM - 9:00 PM", "Thursday: 8:00 AM - 9:00 PM", "Friday: 8:00 AM - 9:00 PM", "Saturday: 8:00 AM - 9:00 PM", "Sunday: 8:00 AM - 9:00 PM"], 45.3024005, -85.2671982], ["Skydive Holland", "(616) 350-8020", "http://www.skydivegrandhaven.com/", ["Monday: 9:00 AM - 9:00 PM", "Tuesday: 9:00 AM - 9:00 PM", "Wednesday: 9:00 AM - 9:00 PM", "Thursday: 9:00 AM - 9:00 PM", "Friday: 9:00 AM - 9:00 PM", "Saturday: 9:00 AM - 9:00 PM", "Sunday: 9:00 AM - 9:00 PM"], 43.03568859999999, -86.1991259], ["Skydive TC", "(231) 649-4929", "https://skydivetc.com/", ["Monday: Closed", "Tuesday: 10:00 AM - 6:00 PM", "Wednesday: 10:00 AM - 6:00 PM", "Thursday: Closed", "Friday: 10:00 AM - 6:00 PM", "Saturday: 9:00 AM - 6:00 PM", "Sunday: 9:00 AM - 6:00 PM"], 44.7468028, -85.58329119999999], ["Skydive Wayland", "(616) 350-8020", "http://www.skydivegrandhaven.com/", null, 42.6913999, -85.6481395], ["Capital City Skydiving", "(517) 219-4709", "http://www.capitalcityskydiving.com/", ["Monday: 8:00 AM - 6:00 PM", "Tuesday: Closed", "Wednesday: Closed", "Thursday: 8:00 AM - 6:00 PM", "Friday: 8:00 AM - 6:00 PM", "Saturday: 8:00 AM - 6:00 PM", "Sunday: 8:00 AM - 6:00 PM"], 42.714302, -84.057373], ["Midwest Freefall", "(586) 752-5867", "http://www.midwestfreefall.com/", ["Monday: Closed", "Tuesday: Closed", "Wednesday: 2:00 - 6:00 PM", "Thursday: 2:00 - 6:00 PM", "Friday: 2:00 - 6:00 PM", "Saturday: 9:00 AM - 6:00 PM", "Sunday: 9:00 AM - 6:00 PM"], 42.75960859999999, -82.9413939], ["Wild Wind Skydivers", "(989) 430-0911", "http://www.wildwindskydivers.com/", ["Monday: Closed", "Tuesday: Closed", "Wednesday: Closed", "Thursday: Closed", "Friday: Closed", "Saturday: 8:00 AM - 10:00 PM", "Sunday: 8:00 AM - 10:00 PM"], 43.4296619, -83.8609063], ["Motor City Skydiving", "(517) 347-3251", "http://motorcityskydiving.com/", null, 42.71437199999999, -84.05780109999999], ["Pegasus Parachuting Services Inc", "(248) 375-5797", null, null, 42.6559362, -83.1720416], ["iFLY Indoor Skydiving - Detroit", "(313) 730-4359", "http://www.iflydetroit.com/", ["Monday: 12:00 - 8:30 PM", "Tuesday: 12:00 - 8:30 PM", "Wednesday: 12:00 - 8:30 PM", "Thursday: 12:00 - 8:30 PM", "Friday: 10:00 AM - 8:30 PM", "Saturday: 10:00 AM - 8:30 PM", "Sunday: 10:00 AM - 6:00 PM"], 42.4866927, -83.47992529999999], ["Skydive Windy City Chicago", "(219) 210-3338", "https://skydivewindycitychicago.com/", ["Monday: 10:00 AM - 5:00 PM", "Tuesday: 10:00 AM - 5:00 PM", "Wednesday: 10:00 AM - 5:00 PM", "Thursday: 10:00 AM - 5:00 PM", "Friday: 10:00 PM - 12:00 AM", "Saturday: 12:00 AM - 6:00 PM", "Sunday: 9:00 AM - 6:00 PM"], 41.70515199999999, -86.8232219], ["Skydive Allegan", "(269) 998-7747", "https://skydiveallegan.info/book-your-jump/", null, 42.53409200000001, -85.82867590000001], ["Skydive Twin Cities - Join us at our Baldwin, WI location!", "(763) 333-6592", "http://www.skydivetwincities.com/", null, 44.95292349999999, -94.060148], ["Skydive Northstar LLC", "(507) 291-5867", "https://www.skydivenorthstar.com/", ["Monday: Closed", "Tuesday: Closed", "Wednesday: Closed", "Thursday: Closed", "Friday: Closed", "Saturday: 7:00 AM - 9:00 PM", "Sunday: 7:00 AM - 9:00 PM"], 44.0732727, -93.5494918], ["iFLY Indoor Skydiving - Minneapolis", "(612) 444-4359", "https://www.iflyworld.com/minneapolis/?utm_source=G&utm_medium=local&utm_campaign=google-local", ["Monday: Closed", "Tuesday: Closed", "Wednesday: 12:00 - 7:00 PM", "Thursday: 11:00 AM - 7:00 PM", "Friday: 11:00 AM - 6:00 PM", "Saturday: 10:00 AM - 5:00 PM", "Sunday: 10:00 AM - 5:00 PM"], 44.969908, -93.44110400000001], ["Skydive Adventures", "(605) 274-9970", "http://www.skydiveadventures.net/", ["Monday: Closed", "Tuesday: Closed", "Wednesday: Closed", "Thursday: Closed", "Friday: Closed", "Saturday: 9:00 AM - 4:00 PM", "Sunday: 11:00 AM - 4:00 PM"], 43.6226382, -96.2142437], ["Skydive Duluth", "(218) 390-1800", "http://skydiveduluth.com/", ["Monday: 9:00 AM - 9:00 PM", "Tuesday: 9:00 AM - 9:00 PM", "Wednesday: 9:00 AM - 9:00 PM", "Thursday: 9:00 AM - 9:00 PM", "Friday: 9:00 AM - 9:00 PM", "Saturday: 8:00 AM - 9:00 PM", "Sunday: 8:00 AM - 9:00 PM"], 46.6825, -92.09646099999999], ["SDI Paragliding Academy", "(612) 787-6440", "http://sdiparagliding.com/", null, 44.965836, -94.7342515], ["Skydive Twin Cities LLC", "(715) 684-3416", "http://www.skydivetwincities.com/", ["Monday: 10:00 AM - 7:00 PM", "Tuesday: Closed", "Wednesday: Closed", "Thursday: 10:00 AM - 7:00 PM", "Friday: 10:00 AM - 7:00 PM", "Saturday: 8:00 AM - 7:00 PM", "Sunday: 8:00 AM - 7:00 PM"], 44.964544, -92.39057400000002], ["Cloud Chasers Skydiving", "(985) 415-0289", "https://www.cloudchasers-skydiving.com/", null, 30.3448199, -89.82316259999999], ["Skydive The Gulf", "(850) 543-8756", "https://www.skydivethegulf.com/", ["Monday: 8:00 AM - 6:00 PM", "Tuesday: 8:00 AM - 6:00 PM", "Wednesday: 8:00 AM - 6:00 PM", "Thursday: 8:00 AM - 6:00 PM", "Friday: 8:00 AM - 6:00 PM", "Saturday: 8:00 AM - 6:00 AM", "Sunday: 8:00 AM - 6:00 PM"], 30.4290019, -87.53909449999999], ["West Tennessee Skydiving", "(901) 759-3483", "http://skydivekingair.com/", ["Monday: Closed", "Tuesday: Closed", "Wednesday: Closed", "Thursday: Closed", "Friday: Closed", "Saturday: 8:00 AM - 8:00 PM", "Sunday: 8:00 AM - 8:00 PM"], 35.2187172, -89.1891893], ["SKY HIGH BUNGEE", "(251) 767-2740", null, ["Monday: Open 24 hours", "Tuesday: Open 24 hours", "Wednesday: Open 24 hours", "Thursday: Open 24 hours", "Friday: Open 24 hours", "Saturday: Open 24 hours", "Sunday: Open 24 hours"], 30.3922497, -88.98953759999999], ["Music City Skydiving", "(931) 299-7137", "http://www.musiccityskydiving.com/", ["Monday: 9:00 AM - 5:00 PM", "Tuesday: 9:00 AM - 5:00 PM", "Wednesday: 9:00 AM - 5:00 PM", "Thursday: 9:00 AM - 5:00 PM", "Friday: 8:00 AM - 8:00 PM", "Saturday: 8:00 AM - 8:00 PM", "Sunday: 8:00 AM - 8:00 PM"], 36.1150012, -87.74148339999999], ["Horak", "(251) 986-5248", null, null, 30.468059, -87.5468479], ["Skydive Tennessee", "(931) 455-4574", "http://skydivetullahoma.com/", ["Monday: 8:00 AM - 8:00 PM", "Tuesday: 8:00 AM - 8:00 PM", "Wednesday: 8:00 AM - 8:00 PM", "Thursday: 8:00 AM - 8:00 PM", "Friday: 8:00 AM - 8:00 PM", "Saturday: 8:00 AM - 8:00 PM", "Sunday: 8:00 AM - 8:00 PM"], 35.3800342, -86.2392514], ["Skydive Alabama", "(256) 736-5553", "https://www.skydivealabama.com/", ["Monday: 10:00 AM - 8:00 PM", "Tuesday: Closed", "Wednesday: 10:00 AM - 8:00 PM", "Thursday: 10:00 AM - 8:00 PM", "Friday: 10:00 AM - 8:00 PM", "Saturday: 8:00 AM - 8:00 PM", "Sunday: 8:00 AM - 8:00 PM"], 34.2671811, -86.8605575], ["SEMO Skydiving", "(573) 931-9031", "http://www.semoskydiving.com/", null, 37.0605571, -89.2256493], ["Skydive Louisiana", "(318) 464-5867", "http://www.skydivelouisiana.net/", ["Monday: 5:30 - 7:00 PM", "Tuesday: 5:30 - 7:00 PM", "Wednesday: 5:30 - 7:00 PM", "Thursday: 5:30 - 7:00 PM", "Friday: 5:30 - 7:00 PM", "Saturday: 8:30 AM - 7:00 PM", "Sunday: 12:30 - 7:00 PM"], 32.8407273, -93.8356204], ["Skydive Georgia", "(770) 684-3483", "https://www.skydivegeorgia.com/", ["Monday: 8:00 AM - 8:00 PM", "Tuesday: 8:00 AM - 8:00 PM", "Wednesday: 8:00 AM - 8:00 PM", "Thursday: 8:00 AM - 8:00 PM", "Friday: 8:00 AM - 8:00 PM", "Saturday: 8:00 AM - 8:00 PM", "Sunday: 8:00 AM - 8:00 PM"], 34.01726009999999, -85.1485744], ["Skydive Kentucky LLC", "(270) 723-3587", "http://skydivekentucky.com/", ["Monday: Closed", "Tuesday: Closed", "Wednesday: Closed", "Thursday: Closed", "Friday: 10:00 AM - 5:00 PM", "Saturday: 9:00 AM - 5:00 PM", "Sunday: 9:00 AM - 5:00 PM"], 37.68957, -85.924396], ["iFLY Indoor Skydiving - Atlanta", "(678) 803-4359", "http://www.iflyworld.com/atlanta?utm_source=G&utm_medium=local&utm_campaign=google-local", ["Monday: 11:00 AM - 7:30 PM", "Tuesday: 11:00 AM - 7:30 PM", "Wednesday: 11:00 AM - 7:30 PM", "Thursday: 11:00 AM - 7:30 PM", "Friday: 12:00 - 8:00 PM", "Saturday: 9:00 AM - 9:00 PM", "Sunday: 10:00 AM - 7:00 PM"], 33.884723, -84.471283], ["Sky Zone Trampoline Park", "(228) 207-8969", "https://www.skyzone.com/biloxi", ["Monday: 3:00 - 8:00 PM", "Tuesday: 3:00 - 8:00 PM", "Wednesday: 12:00 - 8:00 PM", "Thursday: 3:00 - 8:00 PM", "Friday: 10:00 AM - 10:00 PM", "Saturday: 8:00 AM - 10:00 PM", "Sunday: 10:00 AM - 8:00 PM"], 30.3919044, -88.99014160000002], ["Gold Coast Skydivers", "(800) 796-7117", "http://www.goldcoastskydivers.com/", null, 31.0178966, -89.4832119], ["Skydive St. Louis", "(636) 524-5244", "https://skydivingstl.com/?utm_source=google&utm_medium=organic&utm_campaign=gmb", ["Monday: 8:00 AM - 8:00 PM", "Tuesday: 8:00 AM - 8:00 PM", "Wednesday: 8:00 AM - 8:00 PM", "Thursday: 8:00 AM - 8:00 PM", "Friday: 8:00 AM - 8:00 PM", "Saturday: 8:00 AM - 8:00 PM", "Sunday: 8:00 AM - 8:00 PM"], 38.2314179, -91.1644501], ["Ozarks Skydive Center", "(417) 882-5867", "https://www.ozskydive.com/", ["Monday: Closed", "Tuesday: Closed", "Wednesday: Closed", "Thursday: Closed", "Friday: Closed", "Saturday: 8:00 AM - 8:00 PM", "Sunday: 8:00 AM - 8:00 PM"], 37.2315814, -93.92900030000001], ["Falcon Skydiving", "(913) 205-1224", "http://www.falconexhibitionskydiving.com/", ["Monday: 1:00 - 7:30 PM", "Tuesday: 1:00 - 7:30 PM", "Wednesday: Closed", "Thursday: 1:00 - 7:30 PM", "Friday: 9:00 AM - 7:30 PM", "Saturday: 9:00 AM - 7:30 PM", "Sunday: 9:00 AM - 7:30 PM"], 39.2310064, -94.8007006], ["Flight Providers 417-SKYDIVE", "(417) 759-3483", "https://www.flightproviders.com/", ["Monday: Closed", "Tuesday: Closed", "Wednesday: Closed", "Thursday: Closed", "Friday: Closed", "Saturday: 8:00 AM - 8:00 PM", "Sunday: 8:00 AM - 8:00 PM"], 37.6002168, -93.3510218], ["Sky high treats", "(816) 203-5682", null, null, 38.848097, -94.381451], ["Skydive Kansas City", "(816) 524-5867", "https://skydivekc.com/", null, 38.2901649, -94.3418884], ["The Dam Skydivers", null, null, null, 37.659941, -93.81682049999999], ["GravityParamotors.com & GliderSports.com", "(855) 435-9669", "https://glidersports.com/", null, 38.35621249999999, -93.6723411], ["Meadow Peak Skydiving", "(406) 858-2330", "http://www.meadowpeakskydiving.com/", null, 48.0968923, -114.8545232], ["DZONE Skydiving - Bozeman", "(406) 586-5867", "https://dzoneskydiving.com/montana-bozeman/?utm_source=google&utm_medium=organic&utm_campaign=googlemybusiness", ["Monday: Closed", "Tuesday: Closed", "Wednesday: Closed", "Thursday: 8:00 AM - 7:00 PM", "Friday: 8:00 AM - 7:00 PM", "Saturday: 8:00 AM - 7:00 PM", "Sunday: 8:00 AM - 7:00 PM"], 45.8854572, -111.5627989], ["Skydive Whitefish", "(866) 680-5867", "http://www.skydivewhitefish.com/", ["Monday: 9:00 AM - 6:00 PM", "Tuesday: Closed", "Wednesday: 9:00 AM - 6:00 PM", "Thursday: 9:00 AM - 6:00 PM", "Friday: 9:00 AM - 6:00 PM", "Saturday: 10:00 AM - 6:00 PM", "Sunday: 10:00 AM - 6:00 PM"], 48.410569, -114.3094426], ["National Smoke Jumper Center", "(406) 646-7557", null, null, 44.6580624, -111.0978536], ["Lincoln Sport Parachute Club", "(402) 326-8470", "http://skydivelspc.com/", ["Monday: Closed", "Tuesday: Closed", "Wednesday: Closed", "Thursday: Closed", "Friday: Closed", "Saturday: 8:00 AM - 8:00 PM", "Sunday: 8:00 AM - 8:00 PM"], 40.8708476, -96.11166039999999], ["Skydive Lincoln & Omaha", "(308) 240-1881", null, ["Monday: 7:00 AM - 9:00 PM", "Tuesday: 7:00 AM - 9:00 PM", "Wednesday: 7:00 AM - 9:00 PM", "Thursday: 7:00 AM - 9:00 PM", "Friday: 7:00 AM - 9:00 PM", "Saturday: 7:00 AM - 9:00 PM", "Sunday: 7:00 AM - 9:00 PM"], 40.6219494, -96.9286861], ["Lucky Chuck Skydiving", "(402) 981-8852", "http://www.skydive402.com/", null, 41.1540909, -95.9415283], ["Tandem Skydive/Skydive 402", "(402) 981-8852", "http://www.skydive402.com/", ["Monday: Open 24 hours", "Tuesday: Open 24 hours", "Wednesday: Open 24 hours", "Thursday: Open 24 hours", "Friday: Open 24 hours", "Saturday: Open 24 hours", "Sunday: Open 24 hours"], 41.1540697, -95.94151640000001], ["Field of Dreams", "(402) 968-1427", "https://nebraskaparamotor.com/", null, 41.05735749999999, -96.10669299999999], ["Jump Omaha Skydiving", "(402) 237-7325", "http://www.jumpomaha.com/", ["Monday: 8:00 AM - 8:00 PM", "Tuesday: 8:00 AM - 8:00 PM", "Wednesday: 8:00 AM - 8:00 PM", "Thursday: 8:00 AM - 8:00 PM", "Friday: 7:00 AM - 9:00 PM", "Saturday: 7:00 AM - 10:00 PM", "Sunday: 7:00 AM - 8:00 PM"], 41.54101929999999, -95.8873792], ["Tandem Skydiving Omaha", "(531) 500-7478", null, ["Monday: Open 24 hours", "Tuesday: Open 24 hours", "Wednesday: Open 24 hours", "Thursday: Open 24 hours", "Friday: Open 24 hours", "Saturday: Open 24 hours", "Sunday: Open 24 hours"], 40.6234913, -96.92762239999999], ["Skydive Las Vegas", "(702) 759-3483", "http://www.skydivelasvegas.com/", ["Monday: 8:00 AM - 8:00 PM", "Tuesday: 8:00 AM - 8:00 PM", "Wednesday: 8:00 AM - 8:00 PM", "Thursday: 8:00 AM - 8:00 PM", "Friday: 8:00 AM - 8:00 PM", "Saturday: 8:00 AM - 8:00 PM", "Sunday: 8:00 AM - 8:00 PM"], 35.94923320000001, -114.857887], ["Sin City Skydiving", "(702) 300-8508", "https://www.sincityskydiving.com/", ["Monday: 8:00 AM - 8:00 PM", "Tuesday: 8:00 AM - 8:00 PM", "Wednesday: 8:00 AM - 8:00 PM", "Thursday: 8:00 AM - 8:00 PM", "Friday: 8:00 AM - 8:00 PM", "Saturday: 8:00 AM - 8:00 PM", "Sunday: 8:00 AM - 8:00 PM"], 35.7718935, -115.3299012], ["GoJump Las Vegas", "(702) 900-4000", "https://gojump-america.com/lasvegas", ["Monday: 7:00 AM - 11:00 PM", "Tuesday: 7:00 AM - 11:00 PM", "Wednesday: 7:00 AM - 11:00 PM", "Thursday: 7:00 AM - 11:00 PM", "Friday: 7:00 AM - 11:00 PM", "Saturday: 7:00 AM - 11:00 PM", "Sunday: 7:00 AM - 11:00 PM"], 35.77213100000001, -115.3299248], ["Fyrosity Las Vegas Skydiving | Valley of Fire", "(702) 720-6250", "https://www.skydivefyrositylasvegas.com/", ["Monday: 6:30 AM - 7:00 PM", "Tuesday: 6:30 AM - 7:00 PM", "Wednesday: 6:30 AM - 7:00 PM", "Thursday: 6:30 AM - 7:00 PM", "Friday: 6:30 AM - 7:00 PM", "Saturday: 6:30 AM - 7:00 PM", "Sunday: 6:30 AM - 7:00 PM"], 36.56182719999999, -114.4414956], ["Fyrosity | Las Vegas Skydiving | HQ", "(702) 720-6250", "https://www.skydivefyrositylasvegas.com/", ["Monday: 6:30 AM - 7:00 PM", "Tuesday: 6:30 AM - 5:00 PM", "Wednesday: 6:30 AM - 7:00 PM", "Thursday: 6:30 AM - 7:00 PM", "Friday: 6:30 AM - 7:00 PM", "Saturday: 6:30 AM - 7:00 PM", "Sunday: 6:30 AM - 7:00 PM"], 36.1048071, -115.1987781], ["Skydive Mesquite", "(877) 246-5867", "http://www.skydivemesquite.com/", null, 36.8336643, -114.0579499], ["Skydive Lake Tahoe", "(775) 790-7602", "https://www.skydivelaketahoe.com/?y_source=1_MzExOTc2NC03MTUtbG9jYXRpb24ud2Vic2l0ZQ%3D%3D", ["Monday: 7:00 AM - 7:00 PM", "Tuesday: Closed", "Wednesday: Closed", "Thursday: 7:00 AM - 7:00 PM", "Friday: 7:00 AM - 7:00 PM", "Saturday: 7:00 AM - 7:00 PM", "Sunday: 7:00 AM - 7:00 PM"], 39.0062024, -119.7560574], ["Fyrosity | Las Vegas Skydiving | Jean NV", "(702) 720-6250", "https://www.skydivefyrositylasvegas.com/", null, 35.7738258, -115.3301865], ["Vegas Indoor Skydiving", "(702) 731-4768", "https://www.vegasindoorskydiving.com/", ["Monday: 9:45 AM - 7:00 PM", "Tuesday: 9:45 AM - 7:00 PM", "Wednesday: 9:45 AM - 7:00 PM", "Thursday: 9:45 AM - 7:00 PM", "Friday: 9:45 AM - 7:00 PM", "Saturday: 9:45 AM - 7:00 PM", "Sunday: 9:45 AM - 7:00 PM"], 36.1326276, -115.1615637], ["Skydive The Strip | After Sunset", "(702) 625-0305", "https://skydivethestrip.com/", ["Monday: 3:00 - 9:00 PM", "Tuesday: Closed", "Wednesday: Closed", "Thursday: Closed", "Friday: Closed", "Saturday: Closed", "Sunday: Closed"], 36.121512, -115.1584774], ["Las Vegas Skydiving Company - Skydive - Reservation Only", "(702) 825-2123", "http://www.lasvegasskydivingcompany.com/", null, 36.1445813, -115.2746367], ["Skydive New England", "(207) 339-1520", "https://www.skydivenewengland.com/", ["Monday: 9:00 AM - 7:00 PM", "Tuesday: 9:00 AM - 5:00 PM", "Wednesday: 9:00 AM - 5:00 PM", "Thursday: 9:00 AM - 7:00 PM", "Friday: 9:00 AM - 7:00 PM", "Saturday: 8:00 AM - 7:00 PM", "Sunday: 8:00 AM - 7:00 PM"], 43.3717536, -70.9245605], ["SkyVenture New Hampshire", "(603) 897-0002", "https://skyventurenh.com/", ["Monday: Closed", "Tuesday: Closed", "Wednesday: 2:00 - 8:00 PM", "Thursday: 2:00 - 8:00 PM", "Friday: 2:00 - 8:00 PM", "Saturday: 11:00 AM - 6:00 PM", "Sunday: 11:00 AM - 6:00 PM"], 42.71402489999999, -71.4410339], ["Skydive Pepperell", "(978) 433-9222", "http://www.skyjump.com/", ["Monday: 9:00 AM - 6:00 PM", "Tuesday: 9:00 AM - 6:00 PM", "Wednesday: 9:00 AM - 6:00 PM", "Thursday: 9:00 AM - 6:00 PM", "Friday: 9:00 AM - 6:00 PM", "Saturday: 8:00 AM - 6:00 PM", "Sunday: 8:00 AM - 6:00 PM"], 42.6942845, -71.5533653], ["Garden State Skydiving", "(844) 569-5867", "http://www.gardenstateskydiving.com/", ["Monday: 9:00 AM - 6:00 PM", "Tuesday: 9:00 AM - 6:00 PM", "Wednesday: 9:00 AM - 6:00 PM", "Thursday: 9:00 AM - 6:00 PM", "Friday: 9:00 AM - 6:00 PM", "Saturday: 8:00 AM - 6:00 PM", "Sunday: 8:00 AM - 6:00 PM"], 40.5862009, -75.0130526], ["Skydive Sussex", "(973) 702-7000", "https://www.skydivesussex.com/", ["Monday: 9:00 AM - 5:00 PM", "Tuesday: 9:00 AM - 5:00 PM", "Wednesday: 9:00 AM - 5:00 PM", "Thursday: 9:00 AM - 5:00 PM", "Friday: 9:00 AM - 5:00 PM", "Saturday: 9:00 AM - 5:00 PM", "Sunday: 9:00 AM - 5:00 PM"], 41.2005199, -74.62524189999999], ["iFLY Indoor Skydiving- Paramus", "(201) 733-4359", "http://www.iflyworld.com/paramus?utm_source=G&utm_medium=local&utm_campaign=google-local", ["Monday: 11:00 AM - 8:00 PM", "Tuesday: 11:00 AM - 8:00 PM", "Wednesday: 11:00 AM - 8:00 PM", "Thursday: 11:00 AM - 8:00 PM", "Friday: 11:00 AM - 8:30 PM", "Saturday: 10:00 AM - 9:00 PM", "Sunday: 10:00 AM - 8:00 PM"], 40.916444, -74.054017], ["Skydive Cross Keys", "(856) 629-7553", "https://www.skydivecrosskeys.com/", ["Monday: Closed", "Tuesday: Closed", "Wednesday: 10:00 AM - 5:00 PM", "Thursday: 10:00 AM - 5:00 PM", "Friday: 10:00 AM - 5:00 PM", "Saturday: 9:00 AM - 5:00 PM", "Sunday: 9:00 AM - 5:00 PM"], 39.70656139999999, -75.0326432], ["Skydive East Coast", "(609) 294-5858", "http://www.skydiveeastcoast.com/", ["Monday: 8:30 AM - 3:30 PM", "Tuesday: Closed", "Wednesday: 8:30 AM - 3:30 PM", "Thursday: 8:30 AM - 3:30 PM", "Friday: 8:30 AM - 3:30 PM", "Saturday: 8:30 AM - 4:30 PM", "Sunday: 8:30 AM - 4:30 PM"], 39.6667825, -74.3122288], ["New York Tandem Skydiving", "(973) 659-4736", "http://www.newyorktandemskydiving.com/", ["Monday: 9:00 AM - 5:30 PM", "Tuesday: Closed", "Wednesday: Closed", "Thursday: 9:00 AM - 5:00 PM", "Friday: 9:00 AM - 5:00 PM", "Saturday: 9:00 AM - 5:00 PM", "Sunday: 9:00 AM - 5:00 PM"], 41.1291983, -74.3428648], ["iFLY Indoor Skydiving New Jersey-Edison", "(732) 362-4359", "https://www.iflyworld.com/edison/?utm_source=G&utm_medium=local&utm_campaign=google-local", ["Monday: 10:00 AM - 7:00 PM", "Tuesday: 10:00 AM - 7:00 PM", "Wednesday: 10:00 AM - 7:00 PM", "Thursday: 10:00 AM - 7:00 PM", "Friday: 10:00 AM - 7:00 PM", "Saturday: 10:00 AM - 7:00 PM", "Sunday: 10:00 AM - 7:00 PM"], 40.518911, -74.369446], ["Skydive Store Inc", "(856) 629-4600", "http://www.mopro-seven.net/contact", null, 39.7065594, -75.0326224], ["Skydive Jersey", "(866) 669-3020", null, null, 40.5886172, -75.0134923], ["Skydive New Mexico", "(505) 864-7942", "http://www.skydivenm.net/?utm_source=google&utm_medium=wix_google_business_profile&utm_campaign=11804619635045716716", ["Monday: Closed", "Tuesday: Closed", "Wednesday: Closed", "Thursday: Closed", "Friday: Closed", "Saturday: 8:00 AM - 6:30 PM", "Sunday: 8:00 AM - 6:30 PM"], 34.644459, -106.8311402], ["Sun City Skydive (El Paso)", "(915) 910-2447", "https://linktr.ee/suncityskydive", ["Monday: Closed", "Tuesday: Closed", "Wednesday: Closed", "Thursday: Closed", "Friday: 7:00 AM - 6:00 PM", "Saturday: 7:00 AM - 6:00 PM", "Sunday: 7:00 AM - 6:00 PM"], 31.8762505, -106.7083037], ["iFLY Indoor Skydiving - Westchester", "(914) 449-4359", "https://www.iflyworld.com/westchester/?utm_source=G&utm_medium=local&utm_campaign=google-local", ["Monday: 11:00 AM - 8:00 PM", "Tuesday: 11:00 AM - 7:30 PM", "Wednesday: 11:00 AM - 8:00 PM", "Thursday: 11:00 AM - 8:00 PM", "Friday: 11:00 AM - 8:30 PM", "Saturday: 10:00 AM - 9:00 PM", "Sunday: 10:00 AM - 8:00 PM"], 40.965022, -73.858469], ["Long Island Skydiving Center", "(631) 351-5867", "https://www.longislandskydiving.com/?utm_source=google&utm_medium=organic&utm_campaign=gmb", ["Monday: 9:00 AM - 4:00 PM", "Tuesday: 9:00 AM - 4:00 PM", "Wednesday: 9:00 AM - 4:00 PM", "Thursday: 9:00 AM - 4:00 PM", "Friday: Closed", "Saturday: Closed", "Sunday: Closed"], 40.81511250000001, -72.8664172], ["iFLY Indoor Skydiving New York-Queens", "(212) 977-4359", "https://www.iflyworld.com/queens/?utm_source=G&utm_medium=local&utm_campaign=google-local", null, 40.740983, -73.95376499999999], ["Skydive Long Island", "(631) 208-3900", "https://www.skydivelongisland.com/?utm_source=google&utm_medium=organic&utm_campaign=gmb", ["Monday: 9:00 AM - 5:00 PM", "Tuesday: Closed", "Wednesday: 9:00 AM - 5:00 PM", "Thursday: 9:00 AM - 5:00 PM", "Friday: 9:00 AM - 5:00 PM", "Saturday: 8:00 AM - 5:00 PM", "Sunday: 8:00 AM - 5:00 PM"], 40.8150892, -72.8663961], ["iFLY Indoor Skydiving- Paramus", "(201) 733-4359", "http://www.iflyworld.com/paramus?utm_source=G&utm_medium=local&utm_campaign=google-local", ["Monday: 11:00 AM - 8:00 PM", "Tuesday: 11:00 AM - 8:00 PM", "Wednesday: 11:00 AM - 8:00 PM", "Thursday: 11:00 AM - 8:00 PM", "Friday: 11:00 AM - 8:30 PM", "Saturday: 10:00 AM - 9:00 PM", "Sunday: 10:00 AM - 8:00 PM"], 40.916444, -74.054017], ["Former Parachute Jump Ride", null, null, ["Monday: Open 24 hours", "Tuesday: Open 24 hours", "Wednesday: Open 24 hours", "Thursday: Open 24 hours", "Friday: Open 24 hours", "Saturday: Open 24 hours", "Sunday: Open 24 hours"], 40.572968, -73.9844076], ["New York Tandem Skydiving", "(973) 659-4736", "http://www.newyorktandemskydiving.com/", ["Monday: 9:00 AM - 5:30 PM", "Tuesday: Closed", "Wednesday: Closed", "Thursday: 9:00 AM - 5:00 PM", "Friday: 9:00 AM - 5:00 PM", "Saturday: 9:00 AM - 5:00 PM", "Sunday: 9:00 AM - 5:00 PM"], 41.1291983, -74.3428648], ["The Blue Sky Ranch", "(845) 255-9538", "https://theblueskyranch.com/", ["Monday: 10:00 AM - 5:00 PM", "Tuesday: 10:00 AM - 5:00 PM", "Wednesday: 10:00 AM - 5:00 PM", "Thursday: 10:00 AM - 5:00 PM", "Friday: 10:00 AM - 5:00 PM", "Saturday: 7:30 AM - 6:00 PM", "Sunday: 7:30 AM - 6:00 PM"], 41.674197, -74.1502], ["Skydive Central New York", "(315) 535-7777", "http://www.skydivecny.com/", ["Monday: 12:30 - 6:30 PM", "Tuesday: Closed", "Wednesday: 12:30 - 6:30 PM", "Thursday: 10:30 AM - 6:30 PM", "Friday: 10:30 AM - 6:30 PM", "Saturday: 9:00 AM - 6:30 PM", "Sunday: 9:00 AM - 6:30 PM"], 43.08011, -76.538701], ["Skydive The Ranch", "(845) 255-4033", "https://skydivetheranch.com/", null, 41.674251, -74.150205], ["leadership center", "(800) 624-2593", null, null, 40.8138215, -73.2191321], ["Piedmont Skydiving", "(704) 603-7920", "http://www.piedmontskydiving.com/", ["Monday: 9:00 AM - 5:00 PM", "Tuesday: 9:00 AM - 5:00 PM", "Wednesday: 9:00 AM - 5:00 PM", "Thursday: 9:00 AM - 5:00 PM", "Friday: 9:00 AM - 5:00 PM", "Saturday: 9:00 AM - 5:00 PM", "Sunday: 9:00 AM - 5:00 PM"], 35.6389884, -80.5250854], ["Skydive Central North Carolina", "(704) 787-5944", "http://www.skydivecentralnc.com/", ["Monday: 9:00 AM - 9:00 PM", "Tuesday: 9:00 AM - 9:00 PM", "Wednesday: 9:00 AM - 9:00 PM", "Thursday: 9:00 AM - 9:00 PM", "Friday: 9:00 AM - 9:00 PM", "Saturday: 9:00 AM - 9:00 PM", "Sunday: 9:00 AM - 9:00 PM"], 35.57541750000001, -81.11352670000001], ["Skydive Paraclete XP", "(910) 904-0000", "http://skydiveparacletexp.com/?utm_source=google&utm_medium=organic&utm_campaign=gmb", ["Monday: 9:00 AM - 5:00 PM", "Tuesday: 9:00 AM - 5:00 PM", "Wednesday: 9:00 AM - 5:00 PM", "Thursday: 9:00 AM - 5:00 PM", "Friday: 9:00 AM - 5:00 PM", "Saturday: 9:00 AM - 5:00 PM", "Sunday: 9:00 AM - 5:00 PM"], 35.01831200000001, -79.18926499999999], ["Paraclete XP Indoor Skydiving", "(910) 848-2600", "http://paracletexp.com/?utm_source=google&utm_medium=organic&utm_campaign=gmb", ["Monday: 9:00 AM - 7:00 PM", "Tuesday: 9:00 AM - 7:00 PM", "Wednesday: 9:00 AM - 7:00 PM", "Thursday: 9:00 AM - 7:00 PM", "Friday: 9:00 AM - 7:00 PM", "Saturday: 9:00 AM - 7:00 PM", "Sunday: 9:00 AM - 7:00 PM"], 35.032262, -79.10718399999999], ["Skydive OBX, LLC", "(252) 678-5867", "https://www.skydiveobx.com/", ["Monday: 8:00 AM - 6:00 PM", "Tuesday: 8:00 AM - 6:00 PM", "Wednesday: 8:00 AM - 6:00 PM", "Thursday: 8:00 AM - 6:00 PM", "Friday: 8:00 AM - 6:00 PM", "Saturday: 8:00 AM - 6:00 PM", "Sunday: 8:00 AM - 6:00 PM"], 35.917567, -75.7002548], ["Skydive Coastal Carolinas", "(910) 457-1039", "https://www.skydivecoastalcarolinas.com/", ["Monday: Closed", "Tuesday: Closed", "Wednesday: Closed", "Thursday: 8:00 AM - 5:00 PM", "Friday: 8:00 AM - 5:00 PM", "Saturday: 8:00 AM - 5:00 PM", "Sunday: 8:00 AM - 5:00 PM"], 33.92845549999999, -78.0735558], ["Cadence Sky Sports", "(919) 497-5867", "https://cadenceskydiving.com/?utm_campaign=gmb", ["Monday: Closed", "Tuesday: Closed", "Wednesday: Closed", "Thursday: Closed", "Friday: 12:00 - 7:30 PM", "Saturday: 8:00 AM - 7:30 PM", "Sunday: 8:00 AM - 7:30 PM"], 36.0879704, -78.370058], ["Crystal Coast Skydiving LLC", "(252) 528-6281", "http://crystalcoastskydiving.com/", ["Monday: Closed", "Tuesday: Closed", "Wednesday: Closed", "Thursday: Closed", "Friday: Closed", "Saturday: 9:00 AM - 5:00 PM", "Sunday: 9:00 AM - 5:00 PM"], 34.7337998, -76.654495], ["CAROLINA SKYDIVING", "(336) 526-5867", null, ["Monday: Closed", "Tuesday: Closed", "Wednesday: Closed", "Thursday: Closed", "Friday: Closed", "Saturday: 8:00 AM - 8:00 PM", "Sunday: Closed"], 36.2037488, -80.86402059999999], ["Remote Control Skydivers By Solomon R/C", null, "http://solomonrc.com/", null, 35.44022400000001, -83.4013339], ["iFLY Indoor Skydiving - Charlotte", "(704) 851-4359", "https://www.iflyworld.com/charlotte/?utm_source=G&utm_medium=local&utm_campaign=google-local", ["Monday: 11:30 AM - 5:00 PM", "Tuesday: 12:30 - 6:00 PM", "Wednesday: 12:30 - 6:00 PM", "Thursday: 11:00 AM - 6:00 PM", "Friday: 11:00 AM - 6:00 PM", "Saturday: 10:00 AM - 8:00 PM", "Sunday: 10:00 AM - 6:00 PM"], 35.36627600000001, -80.714287], ["DZ Pheasant", null, null, null, 34.5207395, -77.54286429999999], ["Blue Sky Adventure", null, null, null, 35.8767231, -78.79305819999999], ["Golden Knights", null, null, null, 35.1572821, -79.00835909999999], ["Skydive Fargo Inc", "(701) 281-0149", "http://skydivefargo.com/", ["Monday: Closed", "Tuesday: Closed", "Wednesday: Closed", "Thursday: Closed", "Friday: 5:00 - 7:00 PM", "Saturday: 10:00 AM - 7:00 PM", "Sunday: 10:00 AM - 7:00 PM"], 46.9038301, -96.9167506], ["Skydive North Dakota", null, null, null, 48.2210516, -101.1859353], ["Aerohio Skydiving LLC", "(800) 726-3483", "http://www.aerohio.com/", ["Monday: 8:00 AM - 8:00 PM", "Tuesday: 8:00 AM - 8:00 PM", "Wednesday: 8:00 AM - 8:00 PM", "Thursday: 8:00 AM - 8:00 PM", "Friday: 8:00 AM - 8:00 PM", "Saturday: 8:00 AM - 8:00 PM", "Sunday: 8:00 AM - 8:00 PM"], 40.8976223, -82.2569803], ["Skydive Greene County", "(937) 372-0700", "http://www.skydiveohio.com/", ["Monday: 9:00 AM - 8:00 PM", "Tuesday: 9:00 AM - 8:00 PM", "Wednesday: 9:00 AM - 8:00 PM", "Thursday: 9:00 AM - 8:00 PM", "Friday: 9:00 AM - 8:00 PM", "Saturday: 9:00 AM - 8:00 PM", "Sunday: 9:00 AM - 8:00 PM"], 39.67841660000001, -83.866355], ["Canton Air Sports", "(330) 823-0370", "https://canton-airsports.com/", ["Monday: 9:00 AM - 8:00 PM", "Tuesday: 9:00 AM - 8:00 PM", "Wednesday: 9:00 AM - 8:00 PM", "Thursday: 9:00 AM - 8:00 PM", "Friday: 9:00 AM - 8:00 PM", "Saturday: 9:00 AM - 8:00 PM", "Sunday: 9:00 AM - 8:00 PM"], 40.9733235, -81.1007573], ["Start Skydiving", "(513) 422-5867", "https://startskydiving.com/", ["Monday: 12:00 - 3:00 PM", "Tuesday: 12:00 - 3:00 PM", "Wednesday: 12:00 - 3:00 PM", "Thursday: Closed", "Friday: Closed", "Saturday: Closed", "Sunday: Closed"], 39.529565, -84.3928083], ["Cleveland Skydiving Center", "(330) 977-7510", "http://www.skydivecle.com/", ["Monday: 9:00 AM - 7:00 PM", "Tuesday: Closed", "Wednesday: 11:00 AM - 7:00 PM", "Thursday: 11:00 AM - 7:00 PM", "Friday: 9:00 AM - 7:00 PM", "Saturday: 9:00 AM - 7:00 PM", "Sunday: 9:00 AM - 7:00 PM"], 41.3520922, -81.099254], ["Skydive Sports", null, "https://skydivesports.business.site/?utm_source=gmb&utm_medium=referral", ["Monday: 9:00 AM - 9:00 PM", "Tuesday: 9:00 AM - 9:00 PM", "Wednesday: 9:00 AM - 9:00 PM", "Thursday: 9:00 AM - 9:00 PM", "Friday: 9:00 AM - 9:00 PM", "Saturday: 9:00 AM - 9:00 PM", "Sunday: Closed"], 39.478101, -84.095406], ["Skydive Cincinnati", "(513) 282-3725", "https://www.skydivecincinnati.com/?utm_source=google&utm_medium=organic&utm_campaign=gmb", ["Monday: Closed", "Tuesday: Closed", "Wednesday: 4:00 - 8:00 PM", "Thursday: Closed", "Friday: 12:00 - 8:00 PM", "Saturday: 9:00 AM - 8:00 PM", "Sunday: 9:00 AM - 8:00 PM"], 39.5022433, -84.1283828], ["Skydive Rick's", "(330) 426-2565", "http://www.skydivericks.com/", ["Monday: Closed", "Tuesday: Closed", "Wednesday: 5:00 - 8:30 PM", "Thursday: 5:00 - 8:30 PM", "Friday: 5:00 - 8:30 PM", "Saturday: 9:00 AM - 8:30 PM", "Sunday: 9:00 AM - 8:30 PM"], 40.9002645, -80.5549384], ["iFLY Indoor Skydiving - Cincinnati", "(513) 901-4359", "https://www.iflyworld.com/cincinnati/?utm_source=G&utm_medium=local&utm_campaign=google-local", ["Monday: Closed", "Tuesday: Closed", "Wednesday: 12:30 - 6:00 PM", "Thursday: 12:30 - 6:00 PM", "Friday: 10:00 AM - 6:30 PM", "Saturday: 10:00 AM - 8:00 PM", "Sunday: 11:00 AM - 7:00 PM"], 39.37044599999999, -84.367661], ["arodrome de Gates", null, "http://clevelandskydivingcenter.com/", null, 41.3520698, -81.0992584], ["Skydive Airtight", "(918) 396-7855", "http://www.skydiveairtight.com/?utm_source=Google%20MyBusiness%20Listing&utm_medium=Local%20SEO", ["Monday: 8:00 AM - 5:00 PM", "Tuesday: 8:00 AM - 5:00 PM", "Wednesday: 8:00 AM - 5:00 PM", "Thursday: 8:00 AM - 5:00 PM", "Friday: 8:00 AM - 5:00 PM", "Saturday: 8:00 AM - 5:00 PM", "Sunday: 8:00 AM - 5:00 PM"], 36.3543861, -96.0123306], ["Oklahoma Skydiving Center", "(918) 225-2222", "https://oklahomaskydiving.com/?utm_source=google&utm_medium=organic&utm_campaign=gmb", ["Monday: 4:00 - 9:00 PM", "Tuesday: 4:00 - 9:00 PM", "Wednesday: 4:00 - 9:00 PM", "Thursday: 4:00 - 9:00 PM", "Friday: 8:00 AM - 9:00 PM", "Saturday: 8:00 AM - 9:00 PM", "Sunday: 8:00 AM - 9:00 PM"], 35.9520093, -96.77560779999999], ["Skydive Cherokee", "(918) 759-3483", "https://918skydive.com/", ["Monday: 9:00 AM - 9:00 PM", "Tuesday: 9:00 AM - 9:00 PM", "Wednesday: 9:00 AM - 9:00 PM", "Thursday: 9:00 AM - 9:00 PM", "Friday: 9:00 AM - 9:00 PM", "Saturday: 8:00 AM - 8:00 PM", "Sunday: 8:00 AM - 8:00 PM"], 35.6607371, -95.35841219999999], ["iFLY Indoor Skydiving - Oklahoma City", "(405) 300-4359", "https://www.iflyworld.com/oklahoma-city/?utm_source=G&utm_medium=local&utm_campaign=google-local", ["Monday: Closed", "Tuesday: Closed", "Wednesday: 11:30 AM - 6:30 PM", "Thursday: 11:30 AM - 6:30 PM", "Friday: 12:00 - 7:00 PM", "Saturday: 8:00 AM - 4:30 PM", "Sunday: 9:00 AM - 4:00 PM"], 35.607959, -97.53838999999999], ["Adventure Skydive Center, LLC. Siloam Springs, AR", "(479) 228-0029", "https://mygbp.site/oklahoma/adventure-skydive-center/", ["Monday: Closed", "Tuesday: Closed", "Wednesday: Closed", "Thursday: Closed", "Friday: Closed", "Saturday: 9:00 AM - 6:00 PM", "Sunday: 9:00 AM - 6:00 PM"], 35.4378706, -94.8053705], ["Skydive Oregon", "(503) 829-3483", "http://www.skydiveoregon.com/", ["Monday: 10:00 AM - 6:00 PM", "Tuesday: 10:00 AM - 6:00 PM", "Wednesday: 10:00 AM - 6:00 PM", "Thursday: 10:00 AM - 6:00 PM", "Friday: 9:00 AM - 7:00 PM", "Saturday: 9:00 AM - 7:00 PM", "Sunday: 9:00 AM - 6:00 PM"], 45.1473339, -122.6185163], ["PNW Skydiving", "(503) 759-4455", "http://www.pnwskydiving.com/", ["Monday: 12:00 - 9:00 PM", "Tuesday: 12:00 - 9:00 PM", "Wednesday: 12:00 - 9:00 PM", "Thursday: Closed", "Friday: 12:00 - 9:00 PM", "Saturday: 9:00 AM - 9:00 PM", "Sunday: 9:00 AM - 9:00 PM"], 45.220061, -122.5893069], ["Skydive", "(503) 630-5867", null, null, 45.31805800000001, -122.362039], ["iFLY Indoor Skydiving - Portland", "(971) 803-4359", "https://www.iflyworld.com/portland/?utm_source=G&utm_medium=local&utm_campaign=google-local", ["Monday: 11:30 AM - 5:00 PM", "Tuesday: Closed", "Wednesday: 10:00 AM - 5:00 PM", "Thursday: 11:00 AM - 6:00 PM", "Friday: 11:00 AM - 6:00 PM", "Saturday: 11:00 AM - 6:00 PM", "Sunday: 10:00 AM - 5:00 PM"], 45.44346499999999, -122.779193], ["Eugene Skydivers", "(541) 895-3029", "http://www.eugeneskydivers.com/", null, 43.93282500000001, -123.0084313], ["Skydive Pennsylvania", "(724) 748-5377", "https://skydivepa.com/", ["Monday: 8:00 AM - 6:00 PM", "Tuesday: 8:00 AM - 6:00 PM", "Wednesday: 8:00 AM - 6:00 PM", "Thursday: 8:00 AM - 6:00 PM", "Friday: 8:00 AM - 6:00 PM", "Saturday: 8:00 AM - 6:00 PM", "Sunday: 8:00 AM - 6:00 PM"], 41.14758140000001, -80.1764283], ["Skydive NEPA", "(570) 780-3216", "http://skydivenepa.com/", ["Monday: 8:00 AM - 8:00 PM", "Tuesday: 8:00 AM - 8:00 PM", "Wednesday: 8:00 AM - 8:00 PM", "Thursday: 8:00 AM - 8:00 PM", "Friday: 8:00 AM - 8:00 PM", "Saturday: 8:00 AM - 8:00 PM", "Sunday: 8:00 AM - 8:00 PM"], 41.5859791, -75.7553744], ["PA Skydive Center, Inc.", "(888) 654-7529", "http://paskydivecenterinc.com/?utm_source=gmb&utm_medium=referral", ["Monday: Closed", "Tuesday: Closed", "Wednesday: Closed", "Thursday: Closed", "Friday: 5:00 - 8:00 PM", "Saturday: 9:00 AM - 7:00 PM", "Sunday: 9:00 AM - 7:00 PM"], 40.988283, -75.99339499999999], ["Above the Poconos Skydivers", "(888) 654-7529", "http://paskydivecenterinc.com/", ["Monday: Closed", "Tuesday: Closed", "Wednesday: Closed", "Thursday: Closed", "Friday: Closed", "Saturday: 11:00 AM - 4:00 PM", "Sunday: 11:00 AM - 4:00 PM"], 40.9882088, -75.9925456], ["High Time Skydiving Enterprise", "(610) 442-7500", "http://www.hightimeskydiving.com/", ["Monday: 10:00 AM - 6:00 PM", "Tuesday: 10:00 AM - 6:00 PM", "Wednesday: 10:00 AM - 6:00 PM", "Thursday: 10:00 AM - 6:00 PM", "Friday: 10:00 AM - 6:00 PM", "Saturday: Closed", "Sunday: Closed"], 40.2525538, -75.4034587], ["Skydive Philadelphia", "(215) 258-2255", "https://www.skydivephiladelphia.com/", ["Monday: 9:00 AM - 5:00 PM", "Tuesday: 12:00 - 4:00 PM", "Wednesday: 9:00 AM - 5:00 PM", "Thursday: 9:00 AM - 5:00 PM", "Friday: 9:00 AM - 5:00 PM", "Saturday: 8:00 AM - 6:00 PM", "Sunday: 8:00 AM - 6:00 PM"], 40.3919868, -75.2861404], ["Chambersburg Skydiving Center Inc", "(800) 526-3497", "http://www.skydivingcenter.net/", ["Monday: Closed", "Tuesday: Closed", "Wednesday: 9:00 AM - 7:00 PM", "Thursday: 9:00 AM - 7:00 PM", "Friday: 8:00 AM - 8:00 PM", "Saturday: 8:00 AM - 8:00 PM", "Sunday: 8:00 AM - 8:00 PM"], 39.9723014, -77.6468124], ["Pegasus Skydive Center", "(570) 569-0015", "http://www.skydivepegasus.com/", ["Monday: 9:00 AM - 7:00 PM", "Tuesday: Closed", "Wednesday: Closed", "Thursday: 9:00 AM - 7:00 PM", "Friday: 9:00 AM - 7:00 PM", "Saturday: 9:00 AM - 7:30 PM", "Sunday: 9:00 AM - 7:00 PM"], 40.9336306, -75.35410759999999], ["iFLY Indoor Skydiving - King of Prussia", "(610) 595-4359", "http://www.iflyworld.com/king-of-prussia?utm_source=G&utm_medium=local&utm_campaign=google-local", ["Monday: 11:00 AM - 8:00 PM", "Tuesday: 11:00 AM - 8:00 PM", "Wednesday: 11:00 AM - 8:00 PM", "Thursday: 11:00 AM - 8:00 PM", "Friday: 11:00 AM - 8:30 PM", "Saturday: 10:00 AM - 9:00 PM", "Sunday: 10:00 AM - 8:00 PM"], 40.09290000000001, -75.400829], ["Maytown Sport Parachute Club", "(717) 653-0422", "http://www.skydivemspc.com/", ["Monday: Closed", "Tuesday: 5:00 - 9:00 PM", "Wednesday: Closed", "Thursday: 5:00 - 9:00 PM", "Friday: Closed", "Saturday: 10:00 AM - 9:00 PM", "Sunday: 10:00 AM - 9:00 PM"], 40.089859, -76.576443], ["Skydive Newport", "(401) 845-0393", "https://www.skydivenewport.com/?utm_source=google&utm_medium=organic&utm_campaign=gmb", ["Monday: 9:00 AM - 5:00 PM", "Tuesday: 9:00 AM - 5:00 PM", "Wednesday: 9:00 AM - 5:00 PM", "Thursday: 9:00 AM - 5:00 PM", "Friday: 9:00 AM - 5:00 PM", "Saturday: 9:00 AM - 5:00 PM", "Sunday: 9:00 AM - 5:00 PM"], 41.5317763, -71.283372], ["Boston Skydive Center", "(508) 759-3483", "https://www.bostonskydivecenter.com/", ["Monday: 9:00 AM - 6:00 PM", "Tuesday: 9:00 AM - 1:00 PM", "Wednesday: 8:00 AM - 6:00 PM", "Thursday: 9:00 AM - 6:00 PM", "Friday: 9:00 AM - 6:00 PM", "Saturday: 8:00 AM - 7:00 PM", "Sunday: 8:00 AM - 7:00 PM"], 41.92477029999999, -71.4850235], ["Skydive Carolina", "(803) 581-5867", "https://www.skydivecarolina.com/?utm_source=google&utm_medium=organic&utm_campaign=gmb", ["Monday: 10:00 AM - 6:00 PM", "Tuesday: Closed", "Wednesday: Closed", "Thursday: 10:00 AM - 6:00 PM", "Friday: 10:00 AM - 6:00 PM", "Saturday: 8:00 AM - 6:00 PM", "Sunday: 8:00 AM - 6:00 PM"], 34.792906, -81.187548], ["Flying Tigers Sport Parachute Center", "(864) 350-8279", "https://www.facebook.com/skydivingflyingtigers/", ["Monday: Closed", "Tuesday: Closed", "Wednesday: Closed", "Thursday: Closed", "Friday: Closed", "Saturday: 9:00 AM - 6:00 PM", "Sunday: 9:00 AM - 6:00 PM"], 34.4947886, -82.71277049999999], ["Blue Sky Caf", "(803) 581-5867", null, null, 34.7922868, -81.1883375], ["Skydive Hotsprings", "(605) 484-7247", "http://www.skydivehotsprings.com/", ["Monday: Closed", "Tuesday: Closed", "Wednesday: Closed", "Thursday: Closed", "Friday: Closed", "Saturday: 8:30 AM - 6:00 PM", "Sunday: 8:30 AM - 6:00 PM"], 43.3668705, -103.3891253], ["Skydive Sturgis", null, "http://www.jumpsturgis.com/", ["Monday: 8:00 AM - 8:00 PM", "Tuesday: 8:00 AM - 8:00 PM", "Wednesday: 8:00 AM - 8:00 PM", "Thursday: 8:00 AM - 8:00 PM", "Friday: 8:00 AM - 8:00 PM", "Saturday: 8:00 AM - 8:00 PM", "Sunday: 8:00 AM - 8:00 PM"], 44.5102976, -103.4460737], ["skydine", "(605) 681-8009", "https://www.skydine.com/contact-us", null, 43.5457062, -96.7389051], ["Skydive Adventures", "(605) 274-9970", "http://www.skydiveadventures.net/", ["Monday: Closed", "Tuesday: Closed", "Wednesday: Closed", "Thursday: Closed", "Friday: Closed", "Saturday: 9:00 AM - 4:00 PM", "Sunday: 11:00 AM - 4:00 PM"], 43.6226382, -96.2142437], ["Skydive East Tennessee", "(865) 223-5155", "http://www.skydiveet.com/", ["Monday: 12:00 - 5:00 PM", "Tuesday: 12:00 - 5:00 PM", "Wednesday: Closed", "Thursday: 12:00 - 5:00 PM", "Friday: 12:00 - 5:00 PM", "Saturday: 9:00 AM - 5:00 PM", "Sunday: 9:00 AM - 5:00 PM"], 36.01414099999999, -83.546669], ["Skydive Tennessee", "(931) 455-4574", "http://skydivetullahoma.com/", ["Monday: 8:00 AM - 8:00 PM", "Tuesday: 8:00 AM - 8:00 PM", "Wednesday: 8:00 AM - 8:00 PM", "Thursday: 8:00 AM - 8:00 PM", "Friday: 8:00 AM - 8:00 PM", "Saturday: 8:00 AM - 8:00 PM", "Sunday: 8:00 AM - 8:00 PM"], 35.3800342, -86.2392514], ["West Tennessee Skydiving", "(901) 759-3483", "http://skydivekingair.com/", ["Monday: Closed", "Tuesday: Closed", "Wednesday: Closed", "Thursday: Closed", "Friday: Closed", "Saturday: 8:00 AM - 8:00 PM", "Sunday: 8:00 AM - 8:00 PM"], 35.2187172, -89.1891893], ["Music City Skydiving", "(931) 299-7137", "http://www.musiccityskydiving.com/", ["Monday: 9:00 AM - 5:00 PM", "Tuesday: 9:00 AM - 5:00 PM", "Wednesday: 9:00 AM - 5:00 PM", "Thursday: 9:00 AM - 5:00 PM", "Friday: 8:00 AM - 8:00 PM", "Saturday: 8:00 AM - 8:00 PM", "Sunday: 8:00 AM - 8:00 PM"], 36.1150012, -87.74148339999999], ["East Tennessee Skydiving", "(865) 240-0811", "http://skydiveet.com/", ["Monday: 8:00 AM - 12:00 AM", "Tuesday: 8:00 AM - 12:00 AM", "Wednesday: 8:00 AM - 12:00 AM", "Thursday: 8:00 AM - 12:00 AM", "Friday: 8:00 AM - 12:00 AM", "Saturday: 8:00 AM - 12:00 AM", "Sunday: 8:00 AM - 12:00 AM"], 35.9787718, -84.13295950000001], ["Skydive Mountain City", "(919) 664-0771", "http://skydivemountaincity.com/", null, 36.4166485, -81.824497], ["JumpTN", "(423) 765-5111", "http://www.jumptn.com/", ["Monday: Closed", "Tuesday: Closed", "Wednesday: Closed", "Thursday: Closed", "Friday: Closed", "Saturday: 9:00 AM - 5:00 PM", "Sunday: 9:00 AM - 5:00 PM"], 36.1946319, -82.8098938], ["Chattanooga Skydiving Company", "(855) 776-5867", "http://www.chattanoogaskydivingcompany.com/", ["Monday: 8:00 AM - 5:00 PM", "Tuesday: 8:00 AM - 5:00 PM", "Wednesday: 8:00 AM - 5:00 PM", "Thursday: 8:00 AM - 5:00 PM", "Friday: 8:00 AM - 5:00 PM", "Saturday: 8:00 AM - 5:00 PM", "Sunday: 8:00 AM - 5:00 PM"], 35.0598401, -85.5850062], ["Skydive Spaceland Dallas", "(903) 364-5103", "https://dallas.skydivespaceland.com/", ["Monday: 8:00 AM - 5:00 PM", "Tuesday: 8:00 AM - 5:00 PM", "Wednesday: 8:00 AM - 5:00 PM", "Thursday: 8:00 AM - 5:00 PM", "Friday: 8:00 AM - 5:00 PM", "Saturday: 7:30 AM - 6:00 PM", "Sunday: 7:30 AM - 6:00 PM"], 33.44922, -96.37828499999999], ["Texas Skydiving", "(979) 540-8336", "https://www.texasskydiving.com/", ["Monday: 9:00 AM - 7:00 PM", "Tuesday: 9:00 AM - 7:00 PM", "Wednesday: 9:00 AM - 7:00 PM", "Thursday: 9:00 AM - 7:00 PM", "Friday: 9:00 AM - 7:00 PM", "Saturday: 9:00 AM - 7:00 PM", "Sunday: 9:00 AM - 7:00 PM"], 30.4166795, -96.96749790000001], ["Skydive Houston", "(832) 622-6181", "http://www.skydivehouston.com/", ["Monday: 9:00 AM - 5:00 PM", "Tuesday: 9:00 AM - 5:00 PM", "Wednesday: 9:00 AM - 5:00 PM", "Thursday: 9:00 AM - 5:00 PM", "Friday: 9:00 AM - 5:00 PM", "Saturday: 9:00 AM - 5:00 PM", "Sunday: 9:00 AM - 5:00 PM"], 29.9953265, -95.93235829999999], ["Skydive Spaceland San Marcos", "(512) 488-2214", "https://sanmarcos.skydivespaceland.com/", ["Monday: 8:00 AM - 5:00 PM", "Tuesday: 8:00 AM - 5:00 PM", "Wednesday: 8:00 AM - 5:00 PM", "Thursday: 8:00 AM - 5:00 PM", "Friday: 8:00 AM - 5:00 PM", "Saturday: 7:30 AM - 5:00 PM", "Sunday: 7:30 AM - 5:00 PM"], 29.7698726, -97.7725753], ["Dallas Skydive Center", "(972) 552-7790", "http://www.dallasskydivecenter.com/", ["Monday: 9:00 AM - 4:00 PM", "Tuesday: 9:00 AM - 4:00 PM", "Wednesday: 9:00 AM - 4:00 PM", "Thursday: 9:00 AM - 4:00 PM", "Friday: 9:00 AM - 4:00 PM", "Saturday: 9:00 AM - 4:00 PM", "Sunday: 9:00 AM - 4:00 PM"], 33.039443, -96.247052], ["Skydive Spaceland Houston", "(281) 369-3337", "https://houston.skydivespaceland.com/", ["Monday: 8:00 AM - 5:00 PM", "Tuesday: 8:00 AM - 5:00 PM", "Wednesday: 8:00 AM - 5:00 PM", "Thursday: 8:00 AM - 5:00 PM", "Friday: 8:00 AM - 5:00 PM", "Saturday: 7:30 AM - 6:00 PM", "Sunday: 7:30 AM - 6:00 PM"], 29.35945749999999, -95.4605983], ["Dallas Tandem Skydiving", "(214) 838-0111", "http://www.dallastandemskydiving.com/", ["Monday: 6:30 AM - 8:00 PM", "Tuesday: 6:30 AM - 8:00 PM", "Wednesday: 6:30 AM - 8:00 PM", "Thursday: 6:30 AM - 8:00 PM", "Friday: 6:30 AM - 8:00 PM", "Saturday: 8:00 AM - 7:00 PM", "Sunday: 8:00 AM - 4:00 PM"], 32.3260728, -96.6635822], ["Skydive Tandem Greenville LLC", "(903) 303-9828", null, ["Monday: 8:30 AM - 8:30 PM", "Tuesday: 8:30 AM - 8:30 PM", "Wednesday: 8:30 AM - 8:30 PM", "Thursday: 8:30 AM - 8:30 PM", "Friday: 8:30 AM - 8:30 PM", "Saturday: 8:30 AM - 8:30 PM", "Sunday: 8:30 AM - 8:30 PM"], 31.7803373, -95.70097469999999], ["Skydive Galveston", "(409) 256-9613", "https://skydivegalveston.com/", ["Monday: 7:30 AM - 6:30 PM", "Tuesday: 7:30 AM - 6:30 PM", "Wednesday: 7:30 AM - 6:30 PM", "Thursday: 7:30 AM - 6:30 PM", "Friday: 7:30 AM - 6:30 PM", "Saturday: 7:30 AM - 6:30 PM", "Sunday: 7:30 AM - 6:30 PM"], 29.25396969999999, -94.8556061], ["Skydive East Texas", "(903) 845-5867", "http://skydiveeasttx.com/", null, 32.529013, -94.968266], ["Skydive Castroville-Skydive near San Antonio", "(830) 444-5003", "https://www.skydivecastroville.com/", ["Monday: 6:00 AM - 6:00 PM", "Tuesday: 6:00 AM - 6:00 PM", "Wednesday: 6:00 AM - 6:00 PM", "Thursday: 6:00 AM - 6:00 PM", "Friday: 6:00 AM - 6:00 PM", "Saturday: 6:00 AM - 6:00 PM", "Sunday: 6:00 AM - 6:00 PM"], 29.3422285, -98.8476697], ["The Skydiving Company", "(844) 759-3483", "http://www.theskydivingcompany.com/?utm_source=google&utm_medium=organic&utm_campaign=gmb", null, 30.9145677, -95.950699], ["Sky Dive West Texas", "(309) 453-8259", "https://skydivewesttexas.com/", null, 32.95815529999999, -102.5370556], ["Skydive Skylark", "(254) 947-3483", "https://skydiveskylark.com/", ["Monday: Closed", "Tuesday: Closed", "Wednesday: Closed", "Thursday: 12:00 - 6:00 PM", "Friday: 12:00 - 6:00 PM", "Saturday: 8:00 AM - 6:00 PM", "Sunday: 8:00 AM - 6:00 PM"], 31.0880484, -97.6839995], ["Skydive Wes-Tex", "(432) 458-3483", null, null, 32.1711808, -101.8190897], ["Skydive South Texas/ Mustang Island Skydiving", "(361) 945-5867", "http://www.skydivesouthtexas.com/", ["Monday: Closed", "Tuesday: Closed", "Wednesday: Closed", "Thursday: Closed", "Friday: 11:00 AM - 6:00 PM", "Saturday: 9:00 AM - 6:00 PM", "Sunday: 11:00 AM - 5:00 PM"], 27.8095467, -97.08679079999999], ["iSkydive San Antonio", "(830) 444-5003", "https://www.skydivecastroville.com/", ["Monday: 8:00 AM - 12:00 PM", "Tuesday: Closed", "Wednesday: Closed", "Thursday: Closed", "Friday: 8:00 AM - 12:00 PM", "Saturday: 8:00 AM - 12:00 PM", "Sunday: 8:00 AM - 12:00 PM"], 29.34338079999999, -98.8479947], ["iFLY Indoor Skydiving - Fort Worth", "(817) 818-4359", "https://www.iflyworld.com/fort-worth/?utm_source=G&utm_medium=local&utm_campaign=google-local", ["Monday: Closed", "Tuesday: Closed", "Wednesday: 11:00 AM - 6:00 PM", "Thursday: 11:00 AM - 6:00 PM", "Friday: 11:00 AM - 6:00 PM", "Saturday: 10:00 AM - 6:30 PM", "Sunday: 10:00 AM - 6:30 PM"], 32.821222, -97.20676999999999], ["Skydive Freedom", "(833) 586-7759", "http://www.skydivefreedom.com/", ["Monday: Closed", "Tuesday: Closed", "Wednesday: Closed", "Thursday: Closed", "Friday: 9:00 AM - 5:00 PM", "Saturday: 9:00 AM - 5:00 PM", "Sunday: 9:00 AM - 5:00 PM"], 29.8369261, -95.95171479999999], ["iFLY Indoor Skydiving - Dallas", "(214) 618-4359", "https://www.iflyworld.com/dallas/?utm_source=G&utm_medium=local&utm_campaign=google-local", ["Monday: 12:00 - 7:00 PM", "Tuesday: 12:00 - 7:00 PM", "Wednesday: 12:00 - 7:00 PM", "Thursday: 12:00 - 7:00 PM", "Friday: 12:00 - 7:00 PM", "Saturday: 9:00 AM - 8:00 PM", "Sunday: 10:00 AM - 7:00 PM"], 33.095423, -96.812366], ["Skydive Moab", "(435) 259-5867", "http://www.skydivemoab.com/", ["Monday: 7:00 AM - 8:00 PM", "Tuesday: 7:00 AM - 8:00 PM", "Wednesday: 7:00 AM - 8:00 PM", "Thursday: 7:00 AM - 8:00 PM", "Friday: 7:00 AM - 8:00 PM", "Saturday: 7:00 AM - 8:00 PM", "Sunday: 7:00 AM - 8:00 PM"], 38.7595649, -109.7453422], ["Skydive the Wasatch", "(385) 321-0284", "https://skydivethewasatch.com/", null, 39.73687, -111.866908], ["Skydive Zion", "(435) 635-3742", "http://www.skydivezion.com/", null, 37.1412768, -113.3039546], ["iFly Utah", "(801) 528-5348", "http://www.iflyutah.com/", ["Monday: 11:00 AM - 9:00 PM", "Tuesday: 11:00 AM - 9:00 PM", "Wednesday: 11:00 AM - 9:00 PM", "Thursday: 11:00 AM - 9:00 PM", "Friday: 11:00 AM - 9:00 PM", "Saturday: 11:00 AM - 9:00 PM", "Sunday: 11:00 AM - 5:00 PM"], 41.225335, -111.9718435], ["Utah Skydiving Adventures - Skydive Ogden", "(801) 627-5867", "http://skydiveogden.com/", null, 41.1999382, -111.9993712], ["Skydive Utah", "(435) 833-9999", "http://www.skydiveutah.com/", null, 40.61167399999999, -112.3477706], ["Tandem Jump", null, "https://skydivemoab.com/", null, 38.75956790000001, -109.7453331], ["JUMP by Limitless Flight", "(801) 830-2239", "https://www.limitlessflight.com/", ["Monday: 5:00 - 9:00 PM", "Tuesday: 5:00 - 9:00 PM", "Wednesday: 5:00 - 9:00 PM", "Thursday: 5:00 - 9:00 PM", "Friday: 5:00 - 9:00 PM", "Saturday: 11:00 AM - 9:00 PM", "Sunday: Closed"], 40.4848182, -111.904648], ["Skydive Vermont", "(802) 309-8067", "http://www.skydive-vermont.com/", null, 44.9354682, -73.09385], ["Vermont Skydiving Adventures", "(802) 759-3483", "https://www.vermont-skydiving.com/", ["Monday: 9:00 AM - 6:00 PM", "Tuesday: Closed", "Wednesday: Closed", "Thursday: Closed", "Friday: 9:00 AM - 6:00 PM", "Saturday: 9:00 AM - 6:00 PM", "Sunday: 9:00 AM - 6:00 PM"], 44.0717586, -73.3785539], ["No Limits Skydiving", "(866) 553-2915", "http://nolimitsskydiving.com/", ["Monday: 8:00 AM - 11:00 PM", "Tuesday: 8:00 AM - 11:00 PM", "Wednesday: 8:00 AM - 11:00 PM", "Thursday: 8:00 AM - 11:00 PM", "Friday: 8:00 AM - 11:00 PM", "Saturday: 8:00 AM - 11:00 PM", "Sunday: 8:00 AM - 11:00 PM"], 37.523622, -76.762699], ["No Limits Skydiving", "(866) 553-2915", "http://nolimitsskydiving.com/", ["Monday: 8:00 AM - 11:00 PM", "Tuesday: 8:00 AM - 11:00 PM", "Wednesday: 8:00 AM - 11:00 PM", "Thursday: 8:00 AM - 11:00 PM", "Friday: 8:00 AM - 11:00 PM", "Saturday: 8:00 AM - 11:00 PM", "Sunday: 8:00 AM - 11:00 PM"], 36.96014099999999, -78.18365299999999], ["iFLY VA Beach", "(757) 754-4359", "https://www.iflyvabeach.com/?utm_source=google&utm_medium=organic&utm_campaign=gmb-listing", ["Monday: 10:00 AM - 7:00 PM", "Tuesday: 10:00 AM - 7:00 PM", "Wednesday: 10:00 AM - 7:00 PM", "Thursday: 10:00 AM - 7:00 PM", "Friday: 9:00 AM - 8:00 PM", "Saturday: 9:00 AM - 8:00 PM", "Sunday: 9:00 AM - 7:00 PM"], 36.852937, -75.97796819999999], ["Skydive Orange", "(703) 759-3483", "https://www.skydiveorange.com/?utm_source=google&utm_medium=organic&utm_campaign=gmb", ["Monday: Closed", "Tuesday: Closed", "Wednesday: Closed", "Thursday: Closed", "Friday: Closed", "Saturday: 9:00 AM - 5:00 PM", "Sunday: 9:00 AM - 5:00 PM"], 38.2488553, -78.048188], ["iSkydive DC", "(202) 509-0799", "http://www.dcskydivingcenter.com/", ["Monday: 8:00 AM - 9:00 PM", "Tuesday: Closed", "Wednesday: Closed", "Thursday: 8:00 AM - 9:00 PM", "Friday: 8:00 AM - 9:00 PM", "Saturday: 8:00 AM - 9:00 PM", "Sunday: 8:00 AM - 9:00 PM"], 38.59250249999999, -77.7129211], ["Skydive Suffolk", "(757) 539-3531", "https://www.skydivesuffolk.com/?utm_campaign=gmb", ["Monday: 10:00 AM - 5:00 PM", "Tuesday: Closed", "Wednesday: Closed", "Thursday: Closed", "Friday: 10:00 AM - 8:00 PM", "Saturday: 8:00 AM - 8:00 PM", "Sunday: 8:00 AM - 8:00 PM"], 36.67929799999999, -76.609051], ["Skydive Shenandoah", null, "http://www.skydiveshenandoah.com/", ["Monday: Closed", "Tuesday: Closed", "Wednesday: Closed", "Thursday: Closed", "Friday: Closed", "Saturday: 9:00 AM - 5:00 PM", "Sunday: 8:00 AM - 5:00 PM"], 38.6552588, -78.70905669999999], ["iFLY Indoor Skydiving - Loudoun", "(571) 446-4359", "http://www.iflyworld.com/loudoun?utm_source=G&utm_medium=local&utm_campaign=google-local", ["Monday: 12:00 - 7:00 PM", "Tuesday: 12:30 - 7:30 PM", "Wednesday: 12:30 - 7:30 PM", "Thursday: 12:00 - 7:00 PM", "Friday: 11:00 AM - 8:30 PM", "Saturday: 10:00 AM - 8:00 PM", "Sunday: 10:00 AM - 7:00 PM"], 39.053774, -77.446925], ["Skydive Front Royal", "(540) 935-3279", "http://www.skydivefrontroyal.com/", null, 38.9188388, -78.2481387], ["Manquin Flight Park", "(804) 241-4324", "http://www.blueskyhg.com/", null, 37.711441, -77.202362], ["3rd Dimension Productions, LLC", "(434) 466-5867", "http://www.3rddimensionproductions.com/", ["Monday: 8:00 AM - 11:00 PM", "Tuesday: 8:00 AM - 11:00 PM", "Wednesday: 8:00 AM - 11:00 PM", "Thursday: 8:00 AM - 11:00 PM", "Friday: 8:00 AM - 11:00 PM", "Saturday: 8:00 AM - 11:00 PM", "Sunday: 8:00 AM - 11:00 PM"], 38.204528, -78.402281], ["3rd Dimension Productions", "(434) 466-5867", "http://www.3rddimensionproductions.com/", null, 38.0293068, -78.4766771], ["Skydive Snohomish", "(360) 568-7703", "http://skydivesnohomish.com/", ["Monday: 10:00 AM - 6:00 PM", "Tuesday: 10:00 AM - 6:00 PM", "Wednesday: 10:00 AM - 6:00 PM", "Thursday: 10:00 AM - 6:00 PM", "Friday: 10:00 AM - 6:00 PM", "Saturday: 10:00 AM - 6:00 PM", "Sunday: 10:00 AM - 6:00 PM"], 47.90718699999999, -122.101278], ["Skydive Kapowsin", "(360) 432-8000", "https://skydivekapowsin.com/", ["Monday: Closed", "Tuesday: Closed", "Wednesday: Closed", "Thursday: Closed", "Friday: 11:30 AM - 3:00 PM", "Saturday: 9:30 AM - 3:30 PM", "Sunday: 9:30 AM - 3:30 PM"], 47.2421123, -123.1419535], ["Skydive Chelan", "(509) 881-0687", "http://www.skydivechelan.com/", ["Monday: Closed", "Tuesday: Closed", "Wednesday: Closed", "Thursday: 9:00 AM - 5:00 PM", "Friday: 9:00 AM - 5:00 PM", "Saturday: 9:00 AM - 5:00 PM", "Sunday: 9:00 AM - 5:00 PM"], 47.8627777, -119.945816], ["Rattlesnake Mountain Skydiving", "(509) 788-8686", "http://www.rattlesnakemountainskydiving.com/", null, 46.2112602, -119.7858826], ["Skydive Toledo", "(360) 864-2230", "http://www.skydivetoledo.com/", ["Monday: Closed", "Tuesday: Closed", "Wednesday: Closed", "Thursday: Closed", "Friday: 10:00 AM - 6:00 PM", "Saturday: 9:00 AM - 6:00 PM", "Sunday: 9:00 AM - 6:00 PM"], 46.4773868, -122.812362], ["Skydive West Plains", "(509) 838-5867", "http://skydivewestplains.com/", ["Monday: 9:00 AM - 7:00 PM", "Tuesday: Closed", "Wednesday: Closed", "Thursday: 9:00 AM - 7:00 PM", "Friday: 9:00 AM - 7:00 PM", "Saturday: 9:00 AM - 7:00 PM", "Sunday: 9:00 AM - 7:00 PM"], 47.1608314, -118.2899093], ["iFLY Indoor Skydiving - Seattle", "(206) 244-4359", "https://www.iflyworld.com/seattle/?utm_source=G&utm_medium=local&utm_campaign=google-local", ["Monday: 12:30 - 6:00 PM", "Tuesday: 12:00 - 7:00 PM", "Wednesday: 12:00 - 7:00 PM", "Thursday: 12:00 - 7:00 PM", "Friday: 12:00 - 7:00 PM", "Saturday: 10:00 AM - 8:00 PM", "Sunday: 10:00 AM - 6:00 PM"], 47.461173, -122.252643], ["West Virginia Skydivers", "(304) 521-8156", "http://www.wv-skydivers.com/", ["Monday: 8:00 AM - 8:30 PM", "Tuesday: 8:00 AM - 8:30 PM", "Wednesday: 8:00 AM - 8:30 PM", "Thursday: 8:00 AM - 8:30 PM", "Friday: 8:00 AM - 8:30 PM", "Saturday: 8:00 AM - 8:00 PM", "Sunday: Closed"], 38.45951539999999, -82.3111351], ["Skydive Mountaineer", "(681) 443-4670", "http://skydivemountaineer.com/", null, 39.64089510000001, -79.9124164], ["West Virginia Sky Divers", "(304) 574-1943", null, null, 38.42, -82.44], ["Wisconsin Skydiving Center", "(920) 568-1700", "https://wisconsinskydivingcenter.com/?utm_source=google&utm_medium=organic&utm_campaign=gmb", ["Monday: 10:00 AM - 6:00 PM", "Tuesday: 10:00 AM - 6:00 PM", "Wednesday: 10:00 AM - 6:00 PM", "Thursday: 10:00 AM - 6:00 PM", "Friday: 10:00 AM - 6:00 PM", "Saturday: 8:00 AM - 8:00 PM", "Sunday: 8:00 AM - 8:00 PM"], 42.9665415, -88.8119858], ["Skydive Midwest Skydiving Center", "(262) 886-3480", "https://skydivemidwest.com/?_vsrefdom=adwords&gclid=Cj0KCQjw4NujBhC5ARIsAF4Iv6ehstm-EhWlu24J3G-CVYaBz-zPVDDpmAtT112Wma9KqVf4x2H01oYaAtdaEALw_wcB", ["Monday: 9:00 AM - 5:00 PM", "Tuesday: 9:00 AM - 5:00 PM", "Wednesday: 9:00 AM - 5:00 PM", "Thursday: 9:00 AM - 5:00 PM", "Friday: 9:00 AM - 5:00 PM", "Saturday: 9:00 AM - 5:00 PM", "Sunday: 9:00 AM - 5:00 PM"], 42.7039099, -87.9583675], ["Skydive Duluth", "(218) 390-1800", "http://skydiveduluth.com/", ["Monday: 9:00 AM - 9:00 PM", "Tuesday: 9:00 AM - 9:00 PM", "Wednesday: 9:00 AM - 9:00 PM", "Thursday: 9:00 AM - 9:00 PM", "Friday: 9:00 AM - 9:00 PM", "Saturday: 8:00 AM - 9:00 PM", "Sunday: 8:00 AM - 9:00 PM"], 46.6825, -92.09646099999999], ["Skydive Milwaukee / Sky Knights SPC", "(262) 642-9494", "http://www.skydivemilwaukee.com/", ["Monday: Closed", "Tuesday: Closed", "Wednesday: Closed", "Thursday: Closed", "Friday: Closed", "Saturday: 8:00 AM - 5:00 PM", "Sunday: 8:00 AM - 5:00 PM"], 42.80213440000001, -88.3710332], ["Skydive Twin Cities LLC", "(715) 684-3416", "http://www.skydivetwincities.com/", ["Monday: 10:00 AM - 7:00 PM", "Tuesday: Closed", "Wednesday: Closed", "Thursday: 10:00 AM - 7:00 PM", "Friday: 10:00 AM - 7:00 PM", "Saturday: 8:00 AM - 7:00 PM", "Sunday: 8:00 AM - 7:00 PM"], 44.964544, -92.39057400000002], ["Seven Hills Skydivers of Madison, WI", "(608) 244-5252", "https://sevenhillsskydivers.org/", ["Monday: Closed", "Tuesday: Closed", "Wednesday: 3:00 - 8:30 PM", "Thursday: Closed", "Friday: Closed", "Saturday: 9:00 AM - 8:30 PM", "Sunday: 9:00 AM - 8:30 PM"], 43.26082100000001, -89.067792], ["Skydive Freefall Adventure", "(920) 366-6086", "http://www.skydivefreefalladventure.com/", ["Monday: 8:00 AM - 8:00 PM", "Tuesday: Closed", "Wednesday: Closed", "Thursday: Closed", "Friday: 8:00 AM - 8:00 PM", "Saturday: 8:00 AM - 8:00 PM", "Sunday: 8:00 AM - 8:00 PM"], 44.642414, -88.21117199999999], ["Skydive Wissota", "(715) 726-1616", "http://www.skydivewissota.org/", ["Monday: Closed", "Tuesday: Closed", "Wednesday: 4:00 - 10:00 PM", "Thursday: Closed", "Friday: 4:00 - 10:00 PM", "Saturday: 10:00 AM - 10:00 PM", "Sunday: 10:00 AM - 9:00 PM"], 44.9359931, -91.27153770000001], ["Parachute Magic", "(651) 216-1873", "http://www.parachutemagic.com/contact.html", ["Monday: 10:00 AM - 3:30 PM", "Tuesday: 10:00 AM - 3:30 PM", "Wednesday: 10:00 AM - 3:30 PM", "Thursday: 10:00 AM - 3:30 PM", "Friday: 10:00 AM - 3:30 PM", "Saturday: 10:00 AM - 3:30 PM", "Sunday: 10:00 AM - 3:30 PM"], 44.9644925, -92.3905418], ["DZONE Skydiving - Jackson Hole", "(307) 733-5867", null, null, 43.6034561, -110.7363619]]